id,gender,monetary,recency,frequency,duration,purchase
10002,M,138,28,3,40,0
10003,F,172,16,2,20,0
10004,F,272,8,1,8,0
10005,F,149,16,1,16,0
10006,F,113,8,1,8,1
10007,M,15,26,1,26,0
10008,F,238,2,11,42,0
10009,F,418,6,11,66,1
10010,F,123,12,1,12,0
10011,F,294,6,2,8,0
10012,F,173,14,2,16,0
10013,F,226,14,1,14,0
10014,M,288,6,3,18,0
10015,M,15,26,1,26,0
10016,F,134,2,2,6,0
10017,F,176,8,3,20,0
10018,M,447,8,12,34,0
10019,F,207,12,2,18,0
10020,F,301,12,2,14,0
10021,M,202,10,2,16,0
10022,F,87,16,1,16,0
10023,M,388,24,9,56,0
10024,F,114,2,2,6,0
10025,F,297,14,2,22,0
10026,F,29,16,1,16,0
10027,M,325,12,7,26,0
10028,F,211,14,12,68,0
10029,M,128,8,2,10,0
10030,F,240,14,1,14,0
10031,F,203,28,12,62,0
10032,F,295,8,9,60,0
10033,F,254,16,1,16,0
10034,F,350,4,9,28,0
10035,F,132,14,2,20,0
10036,F,71,10,1,10,0
10037,F,55,8,1,8,0
10038,M,146,14,1,14,0
10039,F,190,22,1,22,0
10040,F,123,10,1,10,0
10041,F,336,18,6,32,1
10042,F,246,12,2,14,0
10043,F,260,2,11,46,0
10044,F,138,14,9,38,0
10045,F,52,34,1,34,0
10046,F,138,22,7,56,0
10047,F,228,2,1,2,0
10048,F,447,30,11,84,0
10049,F,148,12,2,20,0
10050,F,341,14,4,32,0
10051,F,257,10,1,10,0
10052,F,102,22,2,24,0
10053,F,198,14,6,46,0
10054,F,264,18,2,20,0
10055,F,186,6,12,78,1
10056,M,145,10,8,50,0
10057,M,211,6,1,6,0
10058,F,289,4,5,32,0
10059,F,97,6,2,10,0
10060,F,145,6,2,12,0
10061,F,190,16,1,16,0
10062,F,254,14,1,14,0
10063,M,185,14,6,44,0
10064,F,143,2,2,6,0
10065,M,182,10,2,14,0
10066,M,123,8,3,18,0
10067,F,190,12,1,12,0
10068,M,251,10,12,64,0
10069,M,321,28,10,68,0
10070,F,261,6,1,6,0
10071,F,255,14,1,14,0
10072,F,336,14,4,30,0
10073,F,180,16,5,42,1
10074,F,395,14,11,66,0
10075,M,248,14,7,40,0
10076,F,73,14,4,32,0
10077,M,234,14,5,26,0
10078,F,284,10,1,10,0
10079,F,187,14,1,14,0
10080,F,398,32,11,64,0
10081,F,252,10,1,10,0
10082,F,201,14,1,14,0
10083,F,152,8,8,54,1
10084,F,185,16,2,18,0
10085,F,274,14,1,14,0
10086,F,51,12,1,12,0
10087,M,70,16,1,16,0
10088,F,172,26,1,26,0
10089,F,348,2,7,38,0
10090,F,240,6,3,20,0
10091,F,197,10,12,36,0
10092,F,436,4,12,38,1
10093,M,175,34,2,42,0
10094,M,127,12,2,16,0
10095,F,275,2,4,20,0
10096,M,239,20,2,28,0
10097,F,263,14,2,20,0
10098,F,72,12,4,26,0
10099,F,274,12,2,20,0
10100,M,320,2,3,18,1
10101,F,197,34,2,36,0
10102,F,300,4,2,10,0
10103,F,268,4,1,4,1
10104,M,89,2,1,2,0
10105,F,107,14,2,20,0
10106,M,253,34,2,38,0
10107,M,62,14,1,14,0
10108,M,251,8,7,24,0
10109,F,339,26,7,60,0
10110,F,282,12,12,36,0
10111,F,240,14,7,48,0
10112,M,135,14,1,14,0
10113,F,82,10,1,10,0
10114,F,158,24,5,38,0
10115,M,49,14,1,14,0
10116,F,213,4,2,10,0
10117,M,365,8,11,60,1
10118,M,248,14,1,14,0
10119,F,184,2,2,10,0
10120,F,253,10,4,20,1
10121,F,256,14,9,58,0
10122,M,105,10,2,14,0
10123,F,113,20,1,20,0
10124,F,332,16,11,54,0
10125,F,226,14,6,28,0
10126,M,81,22,1,22,0
10127,F,330,10,10,38,0
10128,F,118,16,1,16,0
10129,F,313,8,3,22,0
10130,F,315,28,2,34,0
10131,F,326,14,2,22,0
10132,F,89,14,5,38,0
10133,F,330,28,11,66,0
10134,F,255,30,1,30,0
10135,F,175,14,1,14,0
10136,F,198,2,12,62,1
10137,M,280,6,2,12,1
10138,F,294,28,7,56,0
10139,F,249,12,3,20,0
10140,M,37,8,2,12,0
10141,M,289,20,2,28,0
10142,F,71,30,1,30,0
10143,F,92,12,3,28,0
10144,M,44,12,2,20,0
10145,F,393,12,11,50,1
10146,F,211,6,1,6,0
10147,F,40,28,1,28,0
10148,F,218,24,2,30,0
10149,F,170,16,2,20,0
10150,F,138,10,7,38,1
10151,F,262,16,9,58,0
10152,F,200,2,10,32,0
10153,F,254,6,3,24,0
10154,M,183,18,2,22,0
10155,F,186,16,7,54,0
10156,F,320,6,5,24,0
10157,F,222,32,11,70,0
10158,M,142,14,2,20,1
10159,M,251,10,2,18,1
10160,F,202,2,1,2,0
10161,M,343,10,4,30,0
10162,F,308,12,1,12,0
10163,F,313,12,1,12,0
10164,F,213,2,1,2,0
10165,F,258,4,2,8,0
10166,F,27,12,1,12,0
10167,M,106,12,7,26,0
10168,M,56,14,1,14,0
10169,F,243,10,1,10,0
10170,F,57,10,2,14,0
10171,M,20,24,1,24,0
10172,F,210,16,1,16,0
10173,F,252,12,1,12,0
10174,F,303,24,1,24,0
10175,F,52,4,2,6,0
10176,F,293,14,10,68,0
10177,F,294,10,12,58,0
10178,M,130,14,2,18,1
10179,F,117,24,2,32,0
10180,F,308,6,1,6,1
10181,F,301,2,2,4,0
10182,F,33,16,2,22,0
10183,M,332,10,12,66,0
10184,F,122,22,1,22,0
10185,F,341,2,9,26,0
10186,F,132,18,2,20,0
10187,F,362,6,6,28,1
10188,F,219,32,2,40,0
10189,M,318,12,3,24,0
10190,F,199,10,1,10,0
10191,F,324,26,2,30,0
10192,M,333,2,4,18,0
10193,F,63,4,1,4,0
10194,F,263,18,7,58,0
10195,F,146,36,2,38,0
10196,F,251,10,2,18,1
10197,F,75,8,2,14,0
10198,F,284,12,1,12,0
10199,F,171,14,8,58,0
10200,F,248,34,12,72,0
10201,F,57,2,1,2,0
10202,M,260,34,11,74,0
10203,F,180,4,10,54,0
10204,F,251,16,2,20,0
10205,F,303,10,3,20,0
10206,M,382,12,11,70,0
10207,F,314,2,1,2,0
10208,F,32,26,2,32,0
10209,F,266,6,6,28,0
10210,M,278,16,12,42,0
10211,F,249,16,1,16,1
10212,F,152,12,1,12,0
10213,F,102,8,3,22,0
10214,M,177,24,1,24,0
10215,M,214,10,1,10,0
10216,M,278,12,2,18,0
10217,M,164,22,2,26,0
10218,F,271,6,2,8,0
10219,F,39,16,1,16,0
10220,M,415,26,12,74,0
10221,F,123,14,2,18,0
10222,F,69,14,2,18,0
10223,F,311,14,9,50,1
10224,F,33,12,1,12,0
10225,F,172,16,1,16,0
10226,F,236,16,2,20,0
10227,F,106,4,1,4,0
10228,M,415,4,9,26,0
10229,F,219,4,5,22,0
10230,M,180,8,2,12,1
10231,M,227,30,2,34,1
10232,F,266,6,2,10,0
10233,F,437,16,11,58,0
10234,F,188,10,1,10,0
10235,F,285,10,6,38,0
10236,M,308,6,9,34,0
10237,M,162,32,2,36,0
10238,F,371,26,12,66,0
10239,F,44,2,1,2,1
10240,F,115,24,1,24,0
10241,F,221,30,2,38,0
10242,M,240,34,8,54,0
10243,M,103,2,2,4,0
10244,M,349,2,8,22,1
10245,F,328,26,12,62,0
10246,M,106,16,6,44,0
10247,F,167,16,1,16,0
10248,F,87,8,4,18,0
10249,F,279,6,2,14,0
10250,F,96,16,1,16,0
10251,F,62,12,1,12,0
10252,F,131,22,1,22,0
10253,M,286,14,2,16,0
10254,F,183,20,1,20,0
10255,F,146,6,2,10,0
10256,F,133,32,2,36,0
10257,F,194,28,2,30,0
10258,M,180,28,2,36,0
10259,F,326,2,12,70,0
10260,M,96,26,2,34,0
10261,F,170,6,5,28,0
10262,F,408,16,10,48,0
10263,M,32,14,1,14,0
10264,M,234,14,1,14,0
10265,F,352,12,11,66,0
10266,F,319,12,8,32,0
10267,F,242,10,5,32,0
10268,M,296,6,2,12,0
10269,M,229,4,12,62,0
10270,F,264,4,2,12,0
10271,F,186,2,10,56,1
10272,M,460,12,11,36,0
10273,F,131,14,1,14,0
10274,F,312,14,1,14,0
10275,F,78,6,2,10,0
10276,F,196,14,9,58,0
10277,F,223,16,7,44,0
10278,F,306,4,1,4,0
10279,F,48,16,2,22,0
10280,M,294,30,3,38,0
10281,F,72,28,1,28,0
10282,F,285,14,11,52,0
10283,F,165,12,1,12,0
10284,F,265,4,7,40,0
10285,F,301,16,5,26,0
10286,M,84,6,1,6,1
10287,M,146,22,2,26,0
10288,M,312,36,10,58,0
10289,F,54,14,3,22,0
10290,F,196,10,2,18,0
10291,F,404,12,7,46,0
10292,F,310,12,2,16,0
10293,M,243,2,12,34,0
10294,F,324,16,2,24,0
10295,M,368,16,9,58,0
10296,M,70,4,2,6,0
10297,F,276,12,2,14,0
10298,F,159,12,8,44,0
10299,F,313,28,2,32,0
10300,F,136,24,1,24,0
10301,F,357,12,12,60,0
10302,M,147,12,1,12,0
10303,M,107,16,1,16,0
10304,F,372,8,11,72,0
10305,M,235,10,1,10,0
10306,F,265,22,10,54,0
10307,M,128,2,4,26,0
10308,F,231,4,1,4,0
10309,F,194,2,2,6,0
10310,F,264,16,2,24,0
10311,F,260,4,3,18,0
10312,F,441,36,10,74,0
10313,M,33,12,2,14,0
10314,F,372,10,5,20,0
10315,F,63,22,1,22,0
10316,M,63,16,2,20,0
10317,F,33,10,2,16,0
10318,F,156,18,10,52,0
10319,M,45,4,2,10,0
10320,F,196,2,12,26,0
10321,M,176,8,1,8,0
10322,F,220,4,1,4,0
10323,M,284,10,12,34,0
10324,F,274,6,1,6,0
10325,F,316,16,6,32,0
10326,F,259,12,2,18,0
10327,F,91,2,2,10,0
10328,F,419,10,11,44,0
10329,F,313,16,1,16,0
10330,M,211,6,11,44,0
10331,M,235,14,1,14,0
10332,M,306,24,1,24,0
10333,F,280,30,2,34,0
10334,M,29,18,1,18,0
10335,F,88,10,2,16,0
10336,M,155,12,8,48,0
10337,F,231,8,1,8,0
10338,F,278,10,9,56,0
10339,F,71,6,3,16,0
10340,F,320,28,3,38,0
10341,F,112,16,1,16,0
10342,M,109,8,4,18,0
10343,F,285,20,1,20,0
10344,F,115,18,2,20,0
10345,F,234,4,2,10,0
10346,F,417,2,9,54,0
10347,F,105,8,7,40,0
10348,F,28,14,1,14,0
10349,F,97,20,1,20,0
10350,M,212,2,1,2,0
10351,F,49,26,1,26,0
10352,F,270,36,2,38,0
10353,M,317,10,3,28,0
10354,M,49,22,3,32,0
10355,M,257,14,12,76,0
10356,M,189,16,9,68,0
10357,F,211,8,10,42,0
10358,F,141,16,2,18,0
10359,M,343,10,7,32,0
10360,F,92,16,3,32,0
10361,M,73,24,2,30,0
10362,F,223,10,8,46,0
10363,M,310,32,2,40,0
10364,F,352,10,8,50,0
10365,F,161,14,1,14,0
10366,F,346,28,12,52,0
10367,F,55,26,1,26,0
10368,F,137,10,9,36,0
10369,F,33,14,2,18,0
10370,F,321,12,3,24,0
10371,F,220,8,2,10,0
10372,F,149,2,1,2,0
10373,F,291,14,1,14,0
10374,F,201,18,2,22,0
10375,M,302,6,1,6,0
10376,F,283,12,1,12,0
10377,F,174,26,8,50,0
10378,F,155,4,6,24,0
10379,F,114,16,2,22,0
10380,F,42,8,2,10,0
10381,F,207,4,7,22,1
10382,F,73,30,1,30,0
10383,F,383,28,12,88,0
10384,M,340,14,4,26,0
10385,F,305,6,1,6,0
10386,F,101,6,2,10,0
10387,M,352,10,10,50,0
10388,F,274,8,1,8,0
10389,F,376,14,9,54,0
10390,F,211,28,2,32,0
10391,F,143,14,9,38,0
10392,F,181,14,3,24,0
10393,F,106,8,2,10,0
10394,F,287,2,1,2,0
10395,F,181,16,5,38,0
10396,F,265,16,1,16,0
10397,F,254,8,2,12,0
10398,M,322,4,2,10,0
10399,F,169,20,1,20,0
10400,M,261,2,2,4,0
10401,F,355,16,5,28,0
10402,F,87,10,1,10,0
10403,F,307,14,2,20,0
10404,F,195,10,2,16,0
10405,M,43,24,2,26,0
10406,F,278,18,1,18,0
10407,F,310,2,1,2,0
10408,F,69,14,2,18,0
10409,F,233,30,8,54,0
10410,F,18,8,1,8,0
10411,F,210,2,3,20,0
10412,M,307,16,1,16,0
10413,M,323,14,9,52,0
10414,M,193,10,6,26,0
10415,M,246,10,2,14,0
10416,F,335,12,4,36,0
10417,M,265,26,2,32,0
10418,M,199,4,1,4,0
10419,M,386,26,12,94,0
10420,F,368,12,12,54,1
10421,F,381,16,10,54,0
10422,F,206,12,1,12,0
10423,F,128,6,1,6,0
10424,M,285,16,1,16,0
10425,F,419,12,8,48,0
10426,F,296,12,1,12,0
10427,F,206,26,1,26,0
10428,M,20,18,1,18,0
10429,F,281,14,12,66,0
10430,F,25,2,1,2,0
10431,F,274,16,1,16,0
10432,F,270,34,2,38,0
10433,F,239,14,2,22,1
10434,F,134,12,4,22,0
10435,F,102,14,2,20,0
10436,M,310,22,5,32,0
10437,F,368,14,11,62,0
10438,F,378,10,7,50,0
10439,M,305,6,9,40,0
10440,F,458,10,12,44,1
10441,F,235,4,1,4,0
10442,F,192,16,10,42,0
10443,F,375,16,11,60,0
10444,F,235,14,1,14,0
10445,M,313,34,1,34,0
10446,M,111,16,2,24,0
10447,F,249,22,11,84,0
10448,F,118,2,1,2,0
10449,F,167,8,2,16,0
10450,F,148,22,3,30,0
10451,M,216,28,2,36,0
10452,F,197,2,6,38,0
10453,F,154,10,7,46,1
10454,F,252,14,1,14,0
10455,F,186,36,2,40,0
10456,M,304,2,1,2,0
10457,F,283,12,2,18,0
10458,M,228,30,2,38,0
10459,M,26,20,1,20,0
10460,F,182,14,2,20,0
10461,M,160,10,6,28,1
10462,F,189,28,11,88,0
10463,F,261,18,1,18,0
10464,M,51,34,2,38,0
10465,F,196,16,4,38,0
10466,M,245,6,7,34,0
10467,M,136,12,2,16,0
10468,M,111,14,1,14,0
10469,F,258,14,7,44,0
10470,F,445,26,11,48,0
10471,M,148,8,1,8,0
10472,F,179,14,6,36,0
10473,F,247,24,2,26,0
10474,M,46,10,1,10,0
10475,F,303,2,2,6,0
10476,M,137,22,2,30,0
10477,M,123,12,2,16,1
10478,F,310,12,1,12,0
10479,F,210,10,12,42,0
10480,F,118,8,2,10,0
10481,F,350,26,4,44,0
10482,M,283,12,1,12,0
10483,F,371,16,9,48,0
10484,F,329,12,8,36,0
10485,M,288,14,2,20,0
10486,F,284,16,2,20,0
10487,F,128,8,1,8,0
10488,F,185,14,1,14,0
10489,F,286,4,1,4,0
10490,F,273,2,1,2,0
10491,F,284,20,4,34,0
10492,F,142,16,1,16,0
10493,M,199,16,5,36,0
10494,M,289,36,4,46,0
10495,F,297,16,1,16,0
10496,F,70,14,2,18,0
10497,F,202,2,11,46,0
10498,F,317,2,5,26,0
10499,M,260,2,1,2,0
10500,F,51,14,3,28,0
10501,M,121,10,1,10,0
10502,F,150,10,4,22,0
10503,M,165,4,5,14,1
10504,F,48,14,3,30,1
10505,F,350,4,5,16,0
10506,F,235,14,1,14,0
10507,M,218,4,2,6,1
10508,F,193,16,1,16,0
10509,F,188,12,1,12,0
10510,F,210,10,2,12,0
10511,F,158,16,1,16,0
10512,F,316,32,2,36,0
10513,F,25,10,1,10,0
10514,F,246,10,2,16,0
10515,M,162,20,1,20,0
10516,M,168,36,2,44,0
10517,F,79,8,5,32,0
10518,M,273,10,2,12,1
10519,M,281,14,1,14,0
10520,F,221,4,1,4,0
10521,F,390,10,11,32,0
10522,M,69,4,2,8,0
10523,F,107,8,1,8,0
10524,F,154,4,10,44,0
10525,F,442,8,12,76,0
10526,F,171,16,2,22,1
10527,F,189,4,8,40,0
10528,F,180,12,2,14,0
10529,F,170,16,1,16,0
10530,F,169,14,11,40,0
10531,M,94,2,2,10,0
10532,F,310,18,1,18,0
10533,F,212,16,1,16,0
10534,M,270,8,1,8,0
10535,M,68,10,2,18,0
10536,M,174,16,9,56,0
10537,F,127,10,2,14,0
10538,F,208,2,7,26,0
10539,F,159,36,1,36,0
10540,F,250,10,1,10,1
10541,M,197,16,1,16,0
10542,M,178,10,7,52,0
10543,F,235,10,9,40,1
10544,F,125,4,1,4,0
10545,M,100,22,2,26,1
10546,F,41,8,1,8,1
10547,M,366,10,10,38,0
10548,F,327,10,10,60,1
10549,F,310,14,4,24,0
10550,F,249,6,12,60,0
10551,F,119,8,1,8,0
10552,F,30,8,2,14,0
10553,F,126,16,8,48,0
10554,M,130,36,2,38,0
10555,F,76,20,1,20,0
10556,F,335,8,11,52,0
10557,M,274,34,2,40,0
10558,M,252,12,2,18,1
10559,F,161,8,4,24,0
10560,F,299,12,3,26,0
10561,F,146,4,1,4,0
10562,F,287,22,2,30,0
10563,F,264,10,1,10,0
10564,F,222,2,2,6,1
10565,M,294,10,3,20,0
10566,M,431,28,12,68,0
10567,F,135,16,8,60,0
10568,F,148,16,1,16,0
10569,F,125,14,2,16,0
10570,F,247,14,4,26,0
10571,M,242,10,3,26,0
10572,M,227,12,1,12,0
10573,F,87,32,2,40,0
10574,F,35,18,1,18,0
10575,F,85,14,2,18,0
10576,F,286,34,2,40,0
10577,M,348,18,4,40,0
10578,F,19,14,1,14,0
10579,M,230,10,2,14,0
10580,F,296,6,1,6,0
10581,F,244,10,1,10,0
10582,F,140,2,1,2,1
10583,F,104,8,2,16,0
10584,M,301,28,2,32,0
10585,F,307,24,9,46,0
10586,M,59,14,2,22,0
10587,F,91,10,2,12,0
10588,F,315,12,9,46,0
10589,M,45,12,1,12,0
10590,F,299,12,1,12,0
10591,F,221,8,9,30,1
10592,F,201,8,1,8,0
10593,M,236,4,1,4,0
10594,F,193,16,2,20,0
10595,M,238,26,5,42,0
10596,F,297,20,11,60,0
10597,F,275,2,1,2,0
10598,F,204,4,4,16,0
10599,F,249,16,1,16,0
10600,F,262,12,2,16,0
10601,F,237,30,3,44,0
10602,F,18,30,1,30,0
10603,F,81,6,2,14,0
10604,F,49,14,2,18,0
10605,F,284,14,2,22,0
10606,F,86,12,2,16,0
10607,F,225,6,3,12,0
10608,F,193,10,2,14,0
10609,F,112,36,1,36,0
10610,F,331,10,7,48,1
10611,M,253,10,1,10,0
10612,M,277,14,1,14,0
10613,M,274,32,6,52,0
10614,F,121,14,6,36,0
10615,M,140,24,5,48,0
10616,F,167,12,1,12,0
10617,M,45,14,2,22,1
10618,F,254,4,11,46,0
10619,F,49,10,2,14,0
10620,F,265,10,4,26,0
10621,F,364,4,6,30,0
10622,F,57,6,1,6,0
10623,M,235,16,2,24,0
10624,F,59,16,1,16,0
10625,F,149,6,3,18,0
10626,M,272,14,1,14,0
10627,F,232,8,1,8,0
10628,F,320,10,12,38,0
10629,F,99,16,1,16,0
10630,F,260,18,2,24,0
10631,F,236,2,1,2,0
10632,M,75,14,3,30,0
10633,F,294,24,2,30,0
10634,F,281,10,9,48,0
10635,F,215,4,3,20,0
10636,F,153,2,3,12,0
10637,F,58,14,2,18,0
10638,M,87,14,1,14,0
10639,F,137,12,2,18,0
10640,F,30,6,2,8,0
10641,F,177,10,2,14,0
10642,M,221,24,10,72,0
10643,M,35,10,2,16,0
10644,F,302,6,5,20,0
10645,M,105,12,7,36,0
10646,M,226,26,11,88,0
10647,M,309,4,2,8,1
10648,M,145,14,2,16,0
10649,F,138,22,1,22,0
10650,F,195,12,2,16,0
10651,M,185,4,1,4,0
10652,F,79,12,1,12,0
10653,F,109,32,1,32,0
10654,M,138,12,1,12,0
10655,F,304,12,1,12,0
10656,F,280,10,1,10,1
10657,F,187,2,3,14,0
10658,F,101,16,2,22,0
10659,F,221,16,1,16,0
10660,M,254,28,2,30,0
10661,F,244,12,1,12,0
10662,M,90,4,1,4,1
10663,M,217,6,2,10,0
10664,F,372,16,11,50,0
10665,F,396,4,9,24,0
10666,M,147,14,1,14,0
10667,F,98,12,1,12,0
10668,F,259,12,3,22,0
10669,F,58,10,2,16,0
10670,F,204,2,1,2,0
10671,F,175,28,6,46,0
10672,F,261,10,6,26,0
10673,F,161,10,9,52,0
10674,F,317,6,5,20,0
10675,F,65,12,1,12,0
10676,M,53,14,1,14,0
10677,F,401,4,9,56,0
10678,F,179,4,1,4,0
10679,M,331,4,7,28,1
10680,F,288,4,1,4,0
10681,F,309,4,2,10,0
10682,M,261,10,1,10,0
10683,F,374,8,5,36,0
10684,F,134,12,6,34,0
10685,M,289,28,1,28,0
10686,M,151,14,6,32,0
10687,M,178,26,8,56,0
10688,F,112,10,2,12,0
10689,F,380,18,9,48,0
10690,F,230,22,2,26,0
10691,F,62,8,1,8,0
10692,F,266,34,2,40,0
10693,F,294,28,1,28,0
10694,F,81,10,1,10,0
10695,F,328,12,9,46,0
10696,F,312,8,2,10,1
10697,F,130,32,2,34,1
10698,F,310,10,2,14,0
10699,F,354,14,9,46,0
10700,F,195,2,2,8,0
10701,F,306,14,2,20,0
10702,M,313,16,1,16,0
10703,F,169,10,2,18,0
10704,F,182,10,1,10,0
10705,F,242,4,1,4,0
10706,F,128,10,2,16,0
10707,F,234,12,1,12,0
10708,M,277,30,11,78,1
10709,F,49,4,3,14,0
10710,F,80,8,2,12,0
10711,F,244,2,2,8,0
10712,F,306,10,2,16,0
10713,F,178,24,3,32,0
10714,M,164,10,9,46,1
10715,F,152,16,1,16,0
10716,F,321,4,8,44,0
10717,M,29,4,1,4,0
10718,F,220,16,2,24,0
10719,F,195,6,11,58,0
10720,F,207,10,12,50,0
10721,F,292,32,2,40,0
10722,F,301,14,2,20,0
10723,F,215,2,8,36,1
10724,F,401,22,7,56,0
10725,M,42,14,1,14,0
10726,F,444,36,12,62,0
10727,F,195,6,2,10,0
10728,M,151,30,1,30,0
10729,F,389,30,8,54,0
10730,F,319,8,2,10,0
10731,F,172,14,5,38,1
10732,F,45,30,2,36,0
10733,M,208,16,12,44,0
10734,F,399,10,12,74,0
10735,F,139,2,2,8,0
10736,M,285,16,4,28,1
10737,M,300,2,6,30,0
10738,F,214,16,2,24,0
10739,F,184,26,8,58,0
10740,F,353,16,7,36,1
10741,M,262,18,2,22,0
10742,F,197,14,1,14,0
10743,F,240,20,1,20,0
10744,M,175,4,7,26,0
10745,F,250,16,4,36,0
10746,F,202,12,2,16,0
10747,M,386,6,11,36,1
10748,M,118,14,1,14,0
10749,M,33,10,2,16,0
10750,M,237,14,1,14,0
10751,F,94,22,6,42,0
10752,F,428,2,9,22,1
10753,F,271,14,1,14,0
10754,F,396,12,12,68,1
10755,F,253,8,3,24,0
10756,M,228,2,8,24,0
10757,F,224,14,2,20,0
10758,M,42,10,2,16,0
10759,M,208,4,1,4,0
10760,M,171,16,5,44,0
10761,F,141,10,1,10,0
10762,F,25,2,1,2,0
10763,F,158,18,7,34,0
10764,M,253,2,1,2,0
10765,M,368,14,7,32,0
10766,F,259,14,9,32,1
10767,F,196,24,1,24,0
10768,F,233,10,2,18,0
10769,F,148,16,5,30,0
10770,M,52,16,2,22,0
10771,M,96,8,1,8,0
10772,F,148,10,8,36,0
10773,F,172,6,1,6,0
10774,F,319,32,2,36,0
10775,F,258,14,5,36,0
10776,F,40,14,1,14,0
10777,M,315,4,10,26,1
10778,M,262,10,1,10,0
10779,F,177,16,1,16,0
10780,F,377,8,11,36,1
10781,F,122,16,1,16,0
10782,F,254,18,10,74,0
10783,M,307,10,12,58,1
10784,M,349,4,9,54,0
10785,M,103,8,1,8,1
10786,F,204,14,2,22,1
10787,M,252,16,7,54,0
10788,M,411,10,10,48,0
10789,F,129,22,1,22,0
10790,F,239,8,7,30,0
10791,M,129,12,1,12,0
10792,F,266,12,6,44,0
10793,M,231,16,1,16,0
10794,F,216,16,4,38,0
10795,F,453,14,12,82,0
10796,F,161,10,1,10,1
10797,F,265,32,3,46,0
10798,F,266,14,5,26,0
10799,F,91,16,2,18,0
10800,F,240,12,1,12,0
10801,F,296,10,9,58,0
10802,F,419,8,10,50,0
10803,M,187,10,7,30,1
10804,F,273,12,3,24,0
10805,M,221,18,1,18,0
10806,F,165,14,2,16,0
10807,F,159,8,1,8,0
10808,M,271,10,2,18,0
10809,F,295,16,5,32,0
10810,F,188,34,2,40,0
10811,M,95,10,2,14,0
10812,M,130,16,1,16,0
10813,F,183,16,4,24,0
10814,M,263,26,2,28,0
10815,F,330,6,9,26,0
10816,F,278,12,2,18,0
10817,F,49,4,1,4,0
10818,M,165,2,11,48,1
10819,F,163,10,1,10,0
10820,F,128,20,6,40,0
10821,F,90,24,2,32,0
10822,M,173,6,2,14,0
10823,F,257,2,8,30,0
10824,M,160,14,5,30,0
10825,F,169,6,2,8,0
10826,M,314,10,5,24,0
10827,F,198,4,4,20,0
10828,F,306,16,2,20,0
10829,F,66,10,1,10,1
10830,F,139,16,2,18,0
10831,F,311,14,6,42,0
10832,F,317,6,5,22,0
10833,F,318,14,9,66,1
10834,F,116,2,3,16,0
10835,M,228,4,8,32,0
10836,M,100,8,1,8,0
10837,F,365,14,5,34,0
10838,F,251,8,6,44,0
10839,F,399,16,12,42,0
10840,F,442,16,11,70,0
10841,F,247,20,4,30,0
10842,M,320,14,11,40,0
10843,M,73,18,1,18,0
10844,F,288,22,1,22,0
10845,M,270,28,7,56,0
10846,M,228,14,1,14,0
10847,F,213,14,10,60,0
10848,F,211,4,12,66,0
10849,M,249,6,6,22,1
10850,M,194,12,10,62,0
10851,F,413,34,9,74,0
10852,F,63,16,4,30,0
10853,M,348,10,4,24,0
10854,F,343,4,12,50,0
10855,F,136,8,2,14,0
10856,M,212,12,11,56,0
10857,M,389,12,10,62,0
10858,F,307,10,3,16,0
10859,M,194,4,12,62,1
10860,F,299,14,2,16,0
10861,F,129,14,1,14,0
10862,F,124,10,8,54,0
10863,F,276,10,8,42,0
10864,F,273,2,2,10,0
10865,F,308,16,1,16,0
10866,M,347,30,12,70,0
10867,F,206,16,1,16,0
10868,F,397,4,11,60,0
10869,F,162,12,2,14,0
10870,F,365,2,6,26,0
10871,F,25,6,1,6,0
10872,F,121,6,4,16,0
10873,M,241,8,3,16,0
10874,F,274,14,11,68,0
10875,M,251,4,8,32,0
10876,M,176,6,7,20,0
10877,F,322,12,8,36,0
10878,F,99,10,3,22,0
10879,M,95,8,2,16,0
10880,F,15,12,1,12,0
10881,M,347,16,8,42,0
10882,F,352,14,10,62,0
10883,F,182,4,10,34,0
10884,M,251,12,7,54,0
10885,M,180,8,10,66,0
10886,F,420,4,9,56,0
10887,F,375,8,8,52,0
10888,F,146,14,2,16,0
10889,M,157,12,2,20,0
10890,F,335,4,6,32,1
10891,F,230,36,2,44,0
10892,M,238,12,4,22,0
10893,F,295,8,2,10,0
10894,F,247,22,12,60,0
10895,M,427,30,9,78,0
10896,F,201,6,1,6,0
10897,F,123,16,1,16,0
10898,F,129,14,2,16,0
10899,F,314,2,2,4,0
10900,F,281,8,1,8,0
10901,F,83,24,2,32,0
10902,F,359,14,10,34,0
10903,M,64,6,2,8,0
10904,F,68,2,1,2,0
10905,F,293,20,1,20,0
10906,M,54,12,2,18,0
10907,F,41,16,1,16,0
10908,M,251,12,1,12,0
10909,F,204,2,8,48,0
10910,M,95,2,1,2,0
10911,F,176,34,1,34,0
10912,M,254,28,1,28,0
10913,M,126,28,1,28,0
10914,F,314,6,2,8,0
10915,F,308,16,1,16,0
10916,F,200,2,8,46,0
10917,F,137,10,2,16,0
10918,F,291,16,2,24,0
10919,F,289,14,1,14,0
10920,F,107,2,2,8,0
10921,F,229,10,12,40,0
10922,F,256,32,9,60,0
10923,F,314,10,1,10,0
10924,F,193,16,8,38,0
10925,M,121,10,1,10,0
10926,F,65,16,4,30,0
10927,F,159,10,9,46,1
10928,F,279,10,1,10,0
10929,F,274,12,9,60,1
10930,M,44,8,2,10,0
10931,F,166,16,1,16,0
10932,F,117,8,5,20,0
10933,M,61,14,2,22,0
10934,M,80,2,2,6,1
10935,M,180,22,2,26,0
10936,F,257,2,7,34,0
10937,F,163,10,2,18,1
10938,F,317,10,10,60,1
10939,M,171,10,1,10,0
10940,F,224,28,2,32,0
10941,F,249,10,11,46,1
10942,M,123,14,4,32,0
10943,F,278,14,9,60,0
10944,F,30,14,2,20,0
10945,F,221,12,2,20,0
10946,F,346,24,4,44,0
10947,F,310,10,1,10,0
10948,F,24,14,1,14,0
10949,F,373,16,8,60,0
10950,F,75,14,1,14,0
10951,M,416,28,12,92,1
10952,F,200,22,1,22,0
10953,F,280,2,12,34,0
10954,F,137,16,1,16,0
10955,F,271,4,5,16,0
10956,F,177,10,2,18,0
10957,M,210,34,5,54,1
10958,F,336,2,12,28,0
10959,F,184,6,5,32,0
10960,M,452,10,11,42,0
10961,F,236,16,10,46,0
10962,M,186,16,1,16,0
10963,M,243,2,7,40,0
10964,M,285,26,3,38,0
10965,F,329,14,2,22,0
10966,F,266,2,6,30,0
10967,F,117,20,2,28,0
10968,M,276,6,1,6,0
10969,F,47,16,2,18,0
10970,F,77,12,1,12,0
10971,M,258,22,2,30,0
10972,M,323,16,10,44,0
10973,F,313,12,1,12,0
10974,F,180,14,1,14,0
10975,F,264,12,2,20,0
10976,M,248,4,5,24,0
10977,F,302,4,2,10,0
10978,F,73,12,1,12,0
10979,F,298,4,1,4,0
10980,F,276,14,1,14,0
10981,M,182,16,1,16,0
10982,F,92,14,1,14,0
10983,F,272,10,10,52,0
10984,F,121,10,2,16,0
10985,F,258,12,1,12,0
10986,F,69,12,1,12,0
10987,M,277,20,1,20,0
10988,F,109,12,2,20,0
10989,M,213,10,3,22,1
10990,M,192,12,4,22,0
10991,F,294,12,5,24,0
10992,F,325,24,2,32,0
10993,F,358,12,5,40,0
10994,F,248,10,1,10,0
10995,M,18,2,1,2,0
10996,F,400,10,10,34,1
10997,M,317,10,12,80,0
10998,M,42,32,2,34,0
10999,F,419,14,8,48,0
11000,F,87,12,1,12,0
11001,F,194,8,2,10,0
11002,M,196,2,2,6,0
11003,F,264,10,8,32,0
11004,F,320,10,10,50,0
11005,F,200,20,2,24,0
11006,F,212,2,2,6,0
11007,M,218,10,2,18,0
11008,F,160,24,2,30,0
11009,F,202,10,2,14,0
11010,F,31,6,1,6,0
11011,F,284,10,1,10,0
11012,F,268,14,2,18,0
11013,F,214,12,7,40,0
11014,F,124,30,7,62,0
11015,M,183,8,12,66,1
11016,M,329,12,2,16,0
11017,F,128,8,1,8,0
11018,F,99,8,3,24,0
11019,M,236,12,2,16,1
11020,F,197,14,2,18,0
11021,F,68,10,2,16,0
11022,M,328,34,11,98,0
11023,M,151,8,1,8,1
11024,M,149,12,2,18,0
11025,F,196,4,1,4,0
11026,F,249,6,2,14,0
11027,F,292,12,2,18,0
11028,F,47,30,2,36,0
11029,M,196,36,10,64,0
11030,F,228,6,1,6,0
11031,M,74,12,2,14,0
11032,M,324,14,2,20,0
11033,F,97,4,2,6,0
11034,M,353,2,4,10,0
11035,M,117,28,1,28,0
11036,F,81,4,5,32,0
11037,F,88,18,2,26,0
11038,F,327,22,2,28,0
11039,F,280,10,7,32,0
11040,F,305,10,1,10,0
11041,M,120,10,1,10,0
11042,F,187,10,4,30,0
11043,M,255,20,2,26,0
11044,M,168,12,1,12,0
11045,M,240,16,2,18,1
11046,M,199,12,11,52,0
11047,F,104,14,2,20,0
11048,F,189,12,1,12,0
11049,F,194,16,1,16,0
11050,F,274,22,2,26,0
11051,F,264,16,5,42,0
11052,F,241,12,1,12,0
11053,M,316,14,4,34,0
11054,M,74,32,2,36,0
11055,F,132,2,1,2,0
11056,F,101,6,2,10,0
11057,M,65,10,1,10,0
11058,F,281,14,1,14,0
11059,F,24,14,1,14,0
11060,F,98,2,2,8,0
11061,M,97,6,1,6,1
11062,F,145,12,1,12,0
11063,F,302,18,2,26,0
11064,M,179,32,2,38,0
11065,M,174,12,11,48,0
11066,F,71,14,2,20,0
11067,M,103,6,2,8,0
11068,M,264,4,2,12,0
11069,F,383,16,7,44,0
11070,F,268,14,10,62,0
11071,F,231,4,1,4,0
11072,F,230,16,12,84,0
11073,F,18,8,1,8,0
11074,F,293,2,2,8,0
11075,F,145,16,2,22,0
11076,M,139,30,2,34,0
11077,M,267,6,3,12,1
11078,F,260,4,5,32,0
11079,F,238,14,1,14,0
11080,M,194,14,2,22,0
11081,F,86,14,2,18,0
11082,F,252,10,1,10,0
11083,M,163,14,2,20,0
11084,F,22,32,1,32,0
11085,M,431,18,10,42,0
11086,F,202,10,1,10,0
11087,F,60,34,1,34,0
11088,M,98,12,2,16,0
11089,M,136,6,5,28,1
11090,F,104,4,1,4,0
11091,F,30,10,1,10,0
11092,F,324,20,2,28,0
11093,F,263,12,8,58,0
11094,F,297,14,10,72,0
11095,F,312,10,1,10,0
11096,F,129,10,1,10,0
11097,M,60,30,1,30,0
11098,F,269,6,1,6,0
11099,F,125,16,2,22,0
11100,F,391,12,11,66,0
11101,F,257,2,1,2,0
11102,M,119,18,7,32,0
11103,F,205,4,2,6,0
11104,M,162,14,1,14,0
11105,F,311,14,2,22,0
11106,F,143,4,6,38,0
11107,M,143,2,1,2,0
11108,F,283,8,2,16,0
11109,M,97,6,2,10,0
11110,F,215,16,6,34,0
11111,F,189,8,4,18,0
11112,M,301,6,2,10,0
11113,M,310,30,5,44,0
11114,F,400,14,10,62,0
11115,F,322,10,2,16,0
11116,M,191,28,1,28,0
11117,M,56,20,1,20,0
11118,F,275,30,7,72,0
11119,F,285,22,1,22,0
11120,M,196,2,6,32,0
11121,F,122,4,1,4,0
11122,F,288,4,1,4,0
11123,F,363,2,12,28,0
11124,M,222,10,1,10,0
11125,F,209,4,1,4,0
11126,F,186,28,12,62,0
11127,M,163,6,8,46,0
11128,F,301,14,4,34,0
11129,M,263,6,1,6,0
11130,F,235,10,5,36,0
11131,F,302,10,1,10,0
11132,F,446,16,11,46,0
11133,F,252,16,2,22,0
11134,F,353,8,9,38,0
11135,F,93,16,4,24,0
11136,F,219,4,1,4,0
11137,M,129,4,3,18,1
11138,F,51,4,2,12,0
11139,F,265,8,2,12,0
11140,F,25,4,1,4,0
11141,F,35,18,2,22,0
11142,M,150,2,10,28,0
11143,F,149,6,5,20,0
11144,F,147,6,4,18,0
11145,F,245,34,2,40,0
11146,F,353,16,10,54,0
11147,F,244,16,2,20,0
11148,F,83,30,2,38,0
11149,F,136,6,1,6,0
11150,M,114,16,1,16,0
11151,F,244,32,1,32,0
11152,F,274,12,1,12,0
11153,F,73,6,1,6,0
11154,F,194,18,2,22,0
11155,F,334,8,9,28,0
11156,F,201,12,2,16,0
11157,M,47,34,1,34,0
11158,F,197,10,2,18,0
11159,F,140,16,2,24,0
11160,F,64,32,1,32,0
11161,F,89,4,2,6,1
11162,F,46,14,1,14,0
11163,F,465,6,12,60,0
11164,M,154,16,2,20,0
11165,F,146,28,2,36,0
11166,F,271,10,1,10,0
11167,M,162,10,6,22,0
11168,F,389,14,11,54,0
11169,F,265,16,1,16,0
11170,M,163,14,1,14,0
11171,F,280,4,2,8,1
11172,F,216,14,2,20,0
11173,F,293,6,1,6,0
11174,M,278,28,7,60,0
11175,M,283,8,12,62,1
11176,F,46,24,2,32,0
11177,F,275,8,1,8,0
11178,F,55,14,1,14,0
11179,F,315,4,2,6,0
11180,F,219,10,5,34,0
11181,F,266,10,9,50,1
11182,F,105,8,2,14,0
11183,F,185,26,1,26,0
11184,F,88,32,1,32,0
11185,F,283,14,9,46,0
11186,F,153,14,7,46,0
11187,F,264,16,1,16,0
11188,F,69,10,1,10,0
11189,F,240,2,2,8,1
11190,F,175,14,2,18,0
11191,M,111,12,2,16,0
11192,F,369,10,9,42,0
11193,F,21,16,1,16,0
11194,M,55,18,1,18,0
11195,F,294,14,2,22,0
11196,M,206,30,11,78,0
11197,F,182,34,1,34,0
11198,F,62,12,2,14,0
11199,F,144,12,1,12,1
11200,M,235,18,1,18,0
11201,M,32,16,1,16,0
11202,F,195,30,1,30,0
11203,F,17,18,1,18,0
11204,F,291,26,6,58,0
11205,M,74,2,2,6,1
11206,F,180,22,2,24,0
11207,F,117,16,7,54,0
11208,F,383,12,11,50,0
11209,F,102,10,1,10,0
11210,F,35,18,2,26,0
11211,F,135,16,3,26,0
11212,M,313,6,12,70,0
11213,F,168,14,1,14,0
11214,M,140,10,1,10,0
11215,F,294,6,2,8,0
11216,F,149,14,3,22,0
11217,F,163,6,2,8,1
11218,F,281,12,1,12,0
11219,M,156,12,2,16,0
11220,F,225,36,2,44,0
11221,F,291,14,2,16,0
11222,F,307,36,5,60,0
11223,M,412,6,12,62,0
11224,M,203,8,2,12,0
11225,M,219,24,7,60,0
11226,F,353,6,4,22,0
11227,F,131,16,1,16,0
11228,F,280,6,1,6,0
11229,F,149,16,2,20,0
11230,F,359,18,9,48,0
11231,F,235,2,1,2,0
11232,M,50,14,1,14,0
11233,F,167,16,6,50,0
11234,F,264,14,2,22,0
11235,F,70,2,1,2,1
11236,F,118,12,1,12,0
11237,F,130,10,6,36,0
11238,M,101,14,4,26,0
11239,F,64,10,1,10,0
11240,M,298,16,2,22,0
11241,F,306,14,8,48,0
11242,M,403,4,9,26,0
11243,F,251,4,2,8,1
11244,F,282,28,1,28,0
11245,M,20,14,1,14,0
11246,M,32,12,2,18,0
11247,F,332,16,4,24,0
11248,F,246,18,1,18,0
11249,M,458,12,12,68,0
11250,M,35,14,2,20,0
11251,F,327,4,9,38,0
11252,F,254,4,2,8,0
11253,M,285,12,2,14,0
11254,M,272,8,6,24,0
11255,F,237,16,2,20,0
11256,F,151,10,3,24,0
11257,F,137,14,1,14,0
11258,F,136,16,3,30,1
11259,M,477,12,12,48,0
11260,M,262,4,1,4,0
11261,F,157,26,1,26,0
11262,F,360,16,9,54,0
11263,F,120,8,5,24,0
11264,F,217,10,2,16,0
11265,M,119,12,7,32,0
11266,M,310,14,1,14,0
11267,F,84,16,2,24,0
11268,M,180,4,1,4,0
11269,F,79,10,2,14,0
11270,M,52,6,2,14,0
11271,F,57,12,2,18,0
11272,M,311,16,11,46,0
11273,F,282,10,2,18,0
11274,M,137,18,2,24,0
11275,F,103,22,2,28,0
11276,F,160,8,2,12,0
11277,F,201,12,3,28,0
11278,M,139,4,1,4,0
11279,F,314,8,2,14,0
11280,M,331,26,7,42,0
11281,F,120,2,1,2,0
11282,F,288,30,1,30,1
11283,F,217,14,2,20,0
11284,F,307,6,12,76,1
11285,M,103,10,1,10,0
11286,F,71,16,2,22,0
11287,F,292,12,5,30,0
11288,F,264,8,1,8,0
11289,F,300,12,10,68,0
11290,F,141,12,5,34,0
11291,F,285,12,11,76,0
11292,F,176,36,3,44,0
11293,F,255,12,11,74,0
11294,F,61,22,1,22,0
11295,F,265,28,4,46,0
11296,F,156,22,2,28,0
11297,F,114,32,2,40,0
11298,M,300,34,1,34,0
11299,F,346,10,11,66,0
11300,F,200,4,9,30,0
11301,M,279,12,2,18,0
11302,F,161,2,5,14,0
11303,F,345,12,10,34,0
11304,F,128,12,1,12,0
11305,F,343,12,9,46,0
11306,F,156,14,7,30,0
11307,F,107,2,2,6,0
11308,F,31,8,2,12,0
11309,F,193,8,6,36,0
11310,M,290,14,1,14,1
11311,F,269,10,1,10,0
11312,F,254,4,2,12,0
11313,F,100,12,4,32,0
11314,M,125,10,1,10,0
11315,F,175,12,1,12,0
11316,F,96,6,2,8,0
11317,F,62,10,4,28,0
11318,F,49,14,1,14,0
11319,F,309,4,11,40,0
11320,M,177,12,3,24,0
11321,F,239,36,2,42,0
11322,M,304,2,3,10,1
11323,M,354,6,10,56,0
11324,M,202,28,2,30,0
11325,M,233,16,1,16,0
11326,M,232,12,1,12,0
11327,F,210,12,1,12,0
11328,M,17,12,1,12,0
11329,F,163,2,1,2,0
11330,F,212,8,2,14,0
11331,F,57,26,1,26,0
11332,F,182,10,1,10,0
11333,F,66,12,2,20,0
11334,F,362,24,11,78,0
11335,M,190,22,11,72,0
11336,M,94,8,2,12,0
11337,F,109,30,1,30,0
11338,F,82,2,2,8,0
11339,F,379,16,8,48,0
11340,F,263,8,2,14,0
11341,F,141,16,1,16,0
11342,M,287,6,2,10,0
11343,M,424,12,12,52,0
11344,F,118,16,6,46,0
11345,M,248,16,2,18,0
11346,F,94,16,5,44,0
11347,M,254,12,1,12,0
11348,F,269,8,1,8,0
11349,F,126,10,2,14,0
11350,M,149,6,2,12,0
11351,F,263,12,10,36,0
11352,F,169,16,4,34,0
11353,F,224,4,1,4,0
11354,F,342,16,3,32,0
11355,F,314,10,9,62,0
11356,F,323,8,11,70,0
11357,M,222,16,2,20,0
11358,F,205,16,1,16,0
11359,F,264,10,8,56,0
11360,M,152,6,1,6,0
11361,F,392,6,10,46,0
11362,F,206,26,9,48,0
11363,M,245,20,1,20,0
11364,F,477,20,12,68,0
11365,F,231,12,10,64,0
11366,F,143,10,1,10,0
11367,F,46,16,1,16,0
11368,F,320,6,2,8,0
11369,M,85,18,1,18,0
11370,F,88,12,1,12,0
11371,F,295,32,2,40,0
11372,F,59,12,3,26,0
11373,M,51,16,1,16,0
11374,F,161,8,9,26,0
11375,F,194,16,2,20,0
11376,F,179,12,1,12,0
11377,F,162,8,2,16,0
11378,F,183,10,1,10,0
11379,F,112,2,1,2,0
11380,F,192,16,2,20,0
11381,F,107,16,1,16,0
11382,M,345,6,6,30,0
11383,F,240,14,1,14,0
11384,F,266,20,11,66,0
11385,M,302,16,1,16,0
11386,F,151,14,2,20,0
11387,F,323,8,2,12,0
11388,F,325,12,4,26,0
11389,F,125,14,1,14,0
11390,F,168,10,2,18,0
11391,F,34,12,2,18,0
11392,F,69,2,1,2,0
11393,M,286,10,1,10,0
11394,F,275,8,10,62,0
11395,F,279,14,2,16,0
11396,F,76,12,2,20,0
11397,F,257,16,1,16,0
11398,M,392,4,10,38,1
11399,M,437,12,12,42,0
11400,F,249,14,4,30,1
11401,F,115,6,1,6,0
11402,F,268,14,6,48,0
11403,M,311,20,10,40,0
11404,M,157,10,1,10,0
11405,F,443,16,10,58,0
11406,F,54,12,3,24,0
11407,F,64,2,1,2,0
11408,F,273,12,1,12,0
11409,F,235,22,2,30,0
11410,M,212,6,1,6,0
11411,M,201,34,6,54,0
11412,M,207,16,1,16,0
11413,F,150,12,7,38,0
11414,F,142,2,2,8,0
11415,F,184,14,7,30,0
11416,F,381,22,11,76,0
11417,F,314,6,1,6,0
11418,F,19,10,1,10,0
11419,F,288,4,12,54,0
11420,F,195,32,4,50,0
11421,M,342,26,4,48,0
11422,F,310,2,1,2,1
11423,F,209,6,4,22,0
11424,M,279,36,1,36,0
11425,F,84,6,1,6,0
11426,F,315,16,12,60,0
11427,F,111,8,2,12,0
11428,M,136,18,4,26,0
11429,F,327,6,2,10,0
11430,F,404,16,9,68,0
11431,M,176,8,4,18,0
11432,F,176,8,11,64,1
11433,F,201,10,2,16,0
11434,F,238,18,6,42,0
11435,M,146,16,2,24,0
11436,M,236,16,2,22,0
11437,F,309,34,1,34,0
11438,F,126,14,2,16,0
11439,M,307,28,11,52,0
11440,F,259,18,5,40,0
11441,F,280,16,2,24,0
11442,F,149,8,1,8,0
11443,F,139,30,1,30,0
11444,F,276,10,2,14,1
11445,M,263,2,9,52,0
11446,M,266,6,1,6,0
11447,F,182,12,3,30,0
11448,F,341,8,5,30,0
11449,F,244,28,2,32,0
11450,F,212,6,1,6,0
11451,F,349,26,6,56,0
11452,F,215,30,1,30,0
11453,F,152,30,3,40,0
11454,F,244,10,2,14,0
11455,F,364,14,8,54,0
11456,F,211,14,1,14,0
11457,F,272,16,1,16,1
11458,F,224,16,1,16,0
11459,F,233,12,1,12,0
11460,F,129,14,2,20,0
11461,F,248,8,2,10,0
11462,M,17,22,1,22,0
11463,F,385,2,9,34,1
11464,F,305,28,2,36,0
11465,M,133,16,1,16,0
11466,F,229,16,1,16,0
11467,F,281,28,1,28,0
11468,F,337,20,5,38,0
11469,M,72,32,1,32,0
11470,F,401,14,12,78,0
11471,M,103,18,1,18,0
11472,M,283,16,6,30,0
11473,F,20,6,1,6,0
11474,M,86,14,5,40,1
11475,F,237,32,1,32,0
11476,F,33,30,2,36,0
11477,F,336,14,11,54,0
11478,F,135,2,2,6,0
11479,F,191,28,2,34,0
11480,F,409,14,8,54,0
11481,F,280,6,7,36,0
11482,F,203,6,1,6,0
11483,F,191,20,1,20,0
11484,F,151,12,4,34,0
11485,F,214,30,2,34,0
11486,F,229,8,2,12,0
11487,F,185,32,2,38,0
11488,M,171,14,10,44,0
11489,M,198,10,1,10,0
11490,F,69,8,1,8,0
11491,F,361,6,12,62,0
11492,F,291,12,1,12,0
11493,F,86,18,2,24,0
11494,F,227,2,9,42,0
11495,F,383,6,6,18,0
11496,F,246,6,1,6,0
11497,M,69,18,1,18,0
11498,F,128,8,1,8,0
11499,F,60,14,2,22,0
11500,F,182,12,2,16,0
11501,M,390,8,9,38,0
11502,F,307,2,1,2,0
11503,F,405,12,12,70,0
11504,F,236,12,2,18,0
11505,F,43,10,2,16,0
11506,F,275,2,2,10,0
11507,F,235,22,6,52,0
11508,F,175,14,8,50,0
11509,F,219,14,1,14,0
11510,F,245,24,5,46,0
11511,F,186,6,1,6,0
11512,M,205,6,2,10,0
11513,F,91,10,4,32,0
11514,F,92,4,1,4,0
11515,F,158,12,2,14,0
11516,F,75,14,1,14,0
11517,M,237,30,4,44,0
11518,M,327,16,2,24,0
11519,F,296,30,2,36,0
11520,F,355,10,10,44,0
11521,F,164,2,3,16,1
11522,F,182,10,4,32,0
11523,F,260,22,1,22,0
11524,F,369,2,9,42,0
11525,F,60,12,3,20,0
11526,M,158,6,9,56,1
11527,F,261,14,7,40,1
11528,F,424,2,10,34,0
11529,M,206,10,2,16,0
11530,F,319,4,2,10,0
11531,M,39,10,1,10,0
11532,M,148,16,4,38,0
11533,F,226,10,4,22,0
11534,F,162,16,4,24,0
11535,F,351,4,11,54,0
11536,F,333,2,8,34,0
11537,F,178,12,1,12,0
11538,F,285,2,2,10,0
11539,F,125,12,1,12,0
11540,F,138,10,1,10,0
11541,M,194,16,4,32,1
11542,F,83,10,2,12,0
11543,F,295,6,2,14,0
11544,F,17,10,1,10,0
11545,M,195,4,4,16,1
11546,M,55,2,1,2,0
11547,F,445,14,10,58,0
11548,F,307,14,6,30,0
11549,M,254,10,1,10,0
11550,F,193,8,1,8,0
11551,M,217,10,6,32,0
11552,F,178,14,1,14,0
11553,F,186,10,1,10,0
11554,F,128,32,5,48,0
11555,F,313,4,10,60,0
11556,F,186,12,2,18,0
11557,F,218,12,2,16,0
11558,F,133,6,4,18,0
11559,M,184,14,1,14,0
11560,F,71,8,1,8,0
11561,F,407,8,9,42,0
11562,F,223,12,1,12,0
11563,M,244,12,2,14,0
11564,M,120,10,1,10,0
11565,F,123,12,2,20,0
11566,F,238,10,7,24,0
11567,F,250,6,1,6,1
11568,F,474,12,12,46,1
11569,F,249,12,1,12,0
11570,F,200,2,2,8,0
11571,F,129,16,2,18,0
11572,M,50,28,1,28,0
11573,M,187,14,2,20,0
11574,F,265,4,2,8,0
11575,F,224,14,4,34,0
11576,F,262,12,2,20,0
11577,F,311,2,9,34,0
11578,M,193,28,1,28,0
11579,F,274,18,2,20,0
11580,F,161,8,4,22,0
11581,F,219,10,7,34,1
11582,F,381,28,7,60,0
11583,M,221,16,8,38,0
11584,M,88,14,2,22,0
11585,F,108,2,2,8,0
11586,F,286,14,1,14,0
11587,F,225,26,10,84,0
11588,M,111,14,1,14,0
11589,M,247,30,2,36,0
11590,F,393,14,9,58,0
11591,F,312,2,5,22,0
11592,F,370,4,12,66,0
11593,F,182,6,1,6,0
11594,F,256,14,1,14,0
11595,F,55,6,2,8,0
11596,F,247,14,12,68,0
11597,F,225,20,8,56,0
11598,F,105,6,1,6,0
11599,F,257,2,1,2,0
11600,F,33,28,1,28,0
11601,M,358,14,12,80,0
11602,M,395,12,7,46,0
11603,F,168,4,2,10,0
11604,M,44,4,2,12,0
11605,M,105,16,7,40,0
11606,F,87,2,2,10,0
11607,F,396,16,12,62,0
11608,M,235,6,7,44,0
11609,M,196,12,2,16,0
11610,M,391,8,9,48,0
11611,F,302,2,2,8,0
11612,F,126,6,2,8,0
11613,M,242,4,1,4,0
11614,M,229,14,10,62,0
11615,F,132,6,2,10,0
11616,M,122,8,7,26,1
11617,F,246,28,2,32,0
11618,F,304,4,2,12,0
11619,F,235,32,1,32,0
11620,F,151,14,2,20,0
11621,M,133,22,2,26,0
11622,F,170,4,1,4,1
11623,F,327,26,2,32,0
11624,F,196,8,1,8,0
11625,M,85,6,2,14,0
11626,F,127,10,1,10,0
11627,F,77,4,1,4,0
11628,M,287,16,6,42,0
11629,F,33,30,1,30,0
11630,M,362,14,10,64,0
11631,F,196,2,10,32,0
11632,M,347,14,4,28,0
11633,M,139,32,1,32,0
11634,M,170,10,1,10,0
11635,M,139,10,2,12,0
11636,F,232,8,10,62,0
11637,F,158,12,7,36,0
11638,F,288,6,2,8,0
11639,F,243,6,1,6,0
11640,F,139,16,9,58,0
11641,M,88,18,2,22,0
11642,F,203,26,1,26,0
11643,F,214,10,1,10,0
11644,F,186,12,2,20,0
11645,F,182,4,10,44,0
11646,M,187,10,1,10,0
11647,M,357,10,6,32,0
11648,M,77,12,1,12,0
11649,F,52,34,1,34,0
11650,F,161,22,9,58,0
11651,M,65,14,2,20,0
11652,F,97,2,2,10,0
11653,M,244,4,2,12,0
11654,M,92,8,1,8,0
11655,F,213,4,1,4,0
11656,F,198,4,1,4,0
11657,M,258,2,2,6,0
11658,M,306,8,1,8,1
11659,F,184,2,2,6,0
11660,F,114,10,2,14,0
11661,M,453,14,11,76,0
11662,F,232,20,1,20,0
11663,F,294,2,1,2,0
11664,M,326,16,2,18,0
11665,F,151,22,1,22,0
11666,F,288,8,2,14,0
11667,F,311,30,1,30,0
11668,F,193,22,1,22,0
11669,F,166,2,1,2,0
11670,M,135,4,2,8,0
11671,M,250,12,12,36,1
11672,F,102,2,1,2,0
11673,F,140,16,2,18,0
11674,M,233,18,11,68,0
11675,F,278,16,6,36,0
11676,M,276,14,2,16,1
11677,F,309,6,10,40,0
11678,F,71,14,1,14,0
11679,F,107,10,6,42,0
11680,F,30,4,1,4,0
11681,M,217,16,1,16,0
11682,F,260,34,12,94,0
11683,F,144,8,3,26,0
11684,F,53,6,2,14,0
11685,F,273,14,2,20,0
11686,F,439,8,10,54,0
11687,F,128,4,1,4,0
11688,M,246,8,2,16,0
11689,M,402,2,12,48,1
11690,F,362,14,5,42,0
11691,M,183,20,1,20,1
11692,M,187,14,9,38,0
11693,M,283,12,8,34,0
11694,M,101,32,1,32,0
11695,F,253,4,6,18,0
11696,M,310,12,3,22,0
11697,F,314,10,1,10,0
11698,F,139,18,1,18,0
11699,F,381,20,8,50,0
11700,M,241,10,8,44,0
11701,M,175,6,2,12,0
11702,M,403,14,8,32,0
11703,F,195,24,3,32,0
11704,F,140,10,1,10,0
11705,M,271,12,2,14,0
11706,M,236,14,1,14,0
11707,F,55,8,2,10,0
11708,F,222,16,2,22,0
11709,M,262,30,11,52,0
11710,F,281,18,8,38,0
11711,M,18,14,1,14,1
11712,F,153,10,1,10,0
11713,F,173,4,1,4,0
11714,F,205,12,1,12,0
11715,F,278,6,11,42,1
11716,F,171,24,7,58,0
11717,F,188,16,4,28,0
11718,M,72,14,1,14,0
11719,F,301,2,7,16,0
11720,F,59,8,3,18,0
11721,M,153,16,4,32,0
11722,F,168,10,2,16,0
11723,F,304,14,7,46,0
11724,F,228,12,1,12,0
11725,F,112,4,7,34,0
11726,F,435,14,10,58,0
11727,F,172,10,2,14,0
11728,M,112,14,1,14,0
11729,M,201,4,11,58,1
11730,F,184,22,1,22,0
11731,F,47,2,1,2,0
11732,F,79,12,1,12,0
11733,F,113,22,1,22,0
11734,F,313,4,1,4,0
11735,F,56,12,1,12,0
11736,F,294,34,5,64,0
11737,F,322,32,2,38,0
11738,M,183,14,4,22,0
11739,F,321,12,11,50,0
11740,M,24,8,1,8,0
11741,F,280,14,2,22,0
11742,F,328,2,2,6,0
11743,F,185,6,1,6,0
11744,F,230,22,2,26,0
11745,F,248,28,4,38,0
11746,F,106,2,1,2,0
11747,M,89,16,2,22,0
11748,F,203,18,1,18,0
11749,F,304,16,2,18,0
11750,F,167,6,1,6,0
11751,F,84,14,1,14,0
11752,F,350,2,7,40,1
11753,F,84,16,1,16,0
11754,F,110,30,2,38,0
11755,F,52,18,2,24,0
11756,F,191,8,12,68,0
11757,F,72,12,1,12,0
11758,F,248,36,2,40,0
11759,F,436,2,11,44,0
11760,M,204,4,1,4,0
11761,F,288,18,2,26,0
11762,F,284,10,2,14,0
11763,M,105,10,1,10,0
11764,F,168,16,5,28,0
11765,F,57,24,1,24,0
11766,M,164,12,3,24,0
11767,M,97,16,2,24,0
11768,F,167,12,1,12,0
11769,M,93,14,4,24,0
11770,F,338,10,6,38,0
11771,F,239,4,10,60,0
11772,M,281,6,4,16,0
11773,F,281,10,7,24,0
11774,F,369,12,9,32,0
11775,M,120,12,2,18,0
11776,F,252,6,2,10,0
11777,F,246,4,9,22,0
11778,F,46,10,2,16,0
11779,F,203,2,11,54,0
11780,F,136,22,1,22,0
11781,F,290,22,2,30,0
11782,F,204,28,5,46,0
11783,F,321,12,10,48,0
11784,F,32,12,1,12,0
11785,F,178,30,2,34,0
11786,F,317,10,2,16,0
11787,F,180,34,2,42,0
11788,F,130,12,1,12,1
11789,F,161,28,6,44,0
11790,F,157,8,1,8,0
11791,M,122,34,5,52,0
11792,F,323,16,8,42,0
11793,F,154,12,2,16,0
11794,F,162,16,2,18,0
11795,F,120,16,5,40,0
11796,M,177,30,9,76,0
11797,F,137,6,3,16,0
11798,F,166,10,1,10,0
11799,F,90,10,2,14,0
11800,F,128,4,2,6,0
11801,F,59,12,1,12,0
11802,M,48,16,2,22,0
11803,F,408,8,12,76,0
11804,F,181,12,4,32,0
11805,F,292,14,1,14,0
11806,M,333,2,6,16,1
11807,F,80,16,1,16,0
11808,M,281,2,5,30,0
11809,F,311,24,1,24,0
11810,M,169,4,11,50,1
11811,F,20,6,1,6,0
11812,F,281,8,11,30,1
11813,F,226,2,1,2,0
11814,M,297,16,4,32,0
11815,F,73,12,2,18,0
11816,F,130,12,1,12,0
11817,M,123,4,2,10,0
11818,F,164,14,2,20,0
11819,F,181,6,1,6,1
11820,M,197,26,1,26,0
11821,F,287,10,1,10,0
11822,M,278,34,11,64,0
11823,M,467,6,12,70,0
11824,F,329,4,2,6,0
11825,F,432,12,11,76,0
11826,M,258,2,11,38,0
11827,F,163,18,4,28,0
11828,F,63,6,4,18,0
11829,F,268,36,10,72,0
11830,F,25,2,1,2,0
11831,M,22,14,1,14,0
11832,M,39,12,2,16,0
11833,M,80,16,2,20,0
11834,F,285,8,6,44,0
11835,F,82,12,2,14,0
11836,F,130,12,6,34,0
11837,F,218,22,1,22,0
11838,F,448,12,12,48,0
11839,M,264,8,1,8,0
11840,F,145,6,2,8,0
11841,M,187,12,1,12,0
11842,M,155,28,6,50,0
11843,F,190,12,2,14,0
11844,F,37,16,2,22,0
11845,F,246,6,9,40,0
11846,M,200,8,3,24,0
11847,M,188,28,2,36,0
11848,F,294,2,1,2,0
11849,M,144,10,1,10,0
11850,M,121,4,5,34,0
11851,M,419,14,11,36,1
11852,M,473,30,12,66,0
11853,F,302,4,2,8,0
11854,F,245,12,9,46,0
11855,M,236,10,3,16,1
11856,F,36,12,2,18,0
11857,F,58,22,2,28,0
11858,F,220,16,3,24,0
11859,M,183,4,2,6,0
11860,M,240,10,9,54,0
11861,F,221,24,12,56,0
11862,F,235,6,6,36,0
11863,F,135,14,1,14,0
11864,F,111,30,1,30,0
11865,F,170,12,1,12,0
11866,F,165,14,1,14,0
11867,M,272,4,7,36,0
11868,F,170,6,1,6,0
11869,F,288,20,1,20,0
11870,F,31,2,2,10,0
11871,M,238,16,6,32,0
11872,M,187,34,9,52,0
11873,M,51,2,2,8,0
11874,F,462,4,11,48,0
11875,F,119,8,1,8,0
11876,F,304,6,1,6,1
11877,F,173,16,8,56,0
11878,M,238,24,1,24,0
11879,F,177,14,1,14,1
11880,F,44,14,2,20,0
11881,M,225,4,7,34,0
11882,F,325,10,5,30,0
11883,F,297,6,5,24,1
11884,F,307,30,8,76,0
11885,F,356,8,9,40,0
11886,M,152,16,9,66,0
11887,F,169,18,11,76,0
11888,F,303,6,4,20,0
11889,F,361,6,6,36,1
11890,F,137,14,2,22,0
11891,F,153,6,1,6,0
11892,F,315,16,5,28,0
11893,F,112,16,1,16,0
11894,F,192,26,5,38,0
11895,M,387,4,6,18,1
11896,F,205,16,10,72,0
11897,F,245,30,1,30,1
11898,F,48,8,2,14,0
11899,M,116,14,2,22,0
11900,F,92,24,6,52,0
11901,M,388,14,10,54,0
11902,F,276,16,2,20,0
11903,F,72,10,2,14,0
11904,F,178,6,2,12,0
11905,F,184,2,2,8,1
11906,F,278,32,11,84,0
11907,M,320,12,6,36,0
11908,M,219,18,1,18,0
11909,M,65,6,2,12,0
11910,F,345,32,11,54,0
11911,F,58,8,2,14,0
11912,F,182,16,1,16,0
11913,F,378,28,11,82,0
11914,F,67,10,2,14,0
11915,F,284,16,2,22,0
11916,F,210,30,2,32,0
11917,F,62,8,1,8,0
11918,F,237,6,4,16,1
11919,F,89,10,2,16,0
11920,F,92,14,2,16,0
11921,F,321,16,2,20,0
11922,M,70,10,2,14,0
11923,M,60,14,4,32,0
11924,F,202,14,1,14,0
11925,F,255,10,2,14,0
11926,F,172,22,9,44,0
11927,F,264,6,7,40,0
11928,F,132,18,1,18,0
11929,M,230,2,11,54,0
11930,F,237,30,2,34,0
11931,F,184,4,1,4,0
11932,F,68,4,2,12,0
11933,F,107,18,1,18,0
11934,F,128,14,2,16,0
11935,F,155,10,2,18,0
11936,M,213,10,2,14,0
11937,F,175,8,1,8,0
11938,F,319,12,2,16,0
11939,F,280,8,1,8,0
11940,F,42,22,1,22,0
11941,M,438,12,11,76,0
11942,F,374,14,5,34,0
11943,F,64,16,1,16,0
11944,F,209,24,9,76,0
11945,F,467,10,12,44,1
11946,F,389,10,8,54,0
11947,F,231,12,11,48,1
11948,F,214,16,7,42,0
11949,M,184,4,2,6,0
11950,F,273,14,5,30,1
11951,F,285,10,2,16,0
11952,M,304,22,9,56,0
11953,F,326,4,2,10,0
11954,M,142,10,2,14,0
11955,F,186,24,9,60,0
11956,F,168,6,2,12,1
11957,F,299,6,2,8,0
11958,F,113,12,1,12,0
11959,M,223,36,10,76,1
11960,F,58,2,1,2,0
11961,M,211,10,2,16,0
11962,M,61,10,3,20,0
11963,F,201,20,12,64,0
11964,F,279,4,1,4,0
11965,M,125,14,1,14,0
11966,F,262,30,1,30,1
11967,F,314,28,5,40,0
11968,F,163,10,2,12,0
11969,F,319,6,2,8,0
11970,F,107,8,2,14,0
11971,F,426,6,11,34,0
11972,F,137,16,2,18,0
11973,F,256,6,2,12,0
11974,M,150,34,2,36,0
11975,F,300,14,7,46,0
11976,F,176,14,7,40,0
11977,F,194,14,2,22,0
11978,M,135,16,1,16,0
11979,F,237,12,1,12,0
11980,F,295,10,1,10,1
11981,F,164,28,2,32,0
11982,M,340,12,9,42,0
11983,F,217,14,8,36,0
11984,F,239,8,1,8,0
11985,F,321,12,10,46,0
11986,F,328,6,4,16,0
11987,F,277,16,1,16,0
11988,M,63,2,1,2,0
11989,F,18,32,1,32,0
11990,M,75,10,1,10,0
11991,M,286,14,2,18,0
11992,F,202,34,1,34,0
11993,M,283,4,9,42,0
11994,M,45,14,2,16,0
11995,F,336,10,8,28,0
11996,F,87,10,3,24,0
11997,M,322,10,2,16,0
11998,F,260,14,2,22,0
11999,F,282,20,1,20,0
12000,F,329,32,5,58,0
12001,F,194,14,6,46,0
12002,M,298,16,1,16,0
12003,F,232,10,2,12,0
12004,M,220,20,4,38,0
12005,M,223,10,1,10,1
12006,F,279,6,1,6,0
12007,F,273,10,7,42,0
12008,M,298,24,6,44,0
12009,F,139,4,2,12,0
12010,F,94,10,2,12,0
12011,F,214,6,2,12,0
12012,M,307,36,2,44,0
12013,F,276,4,1,4,1
12014,M,115,4,2,12,1
12015,M,248,14,1,14,0
12016,F,165,2,3,12,0
12017,F,261,16,1,16,0
12018,M,153,14,10,64,0
12019,F,95,4,2,8,0
12020,F,68,16,1,16,0
12021,F,235,16,2,22,0
12022,F,254,14,6,38,0
12023,F,287,6,1,6,0
12024,F,36,6,2,10,0
12025,F,315,16,2,18,0
12026,F,159,6,1,6,0
12027,F,298,12,11,72,0
12028,M,282,8,2,14,0
12029,M,171,4,2,10,0
12030,M,158,10,4,26,0
12031,F,171,4,1,4,0
12032,M,195,18,2,20,0
12033,M,221,14,1,14,0
12034,F,273,10,1,10,0
12035,F,283,24,2,30,0
12036,F,266,22,2,26,0
12037,F,247,12,2,18,0
12038,M,427,30,12,98,1
12039,F,230,4,7,40,0
12040,F,125,24,1,24,0
12041,F,297,14,2,22,1
12042,F,49,6,2,12,0
12043,M,298,10,2,16,0
12044,F,228,4,2,10,0
12045,M,323,12,8,56,0
12046,F,88,16,1,16,0
12047,M,283,8,1,8,0
12048,F,157,12,1,12,0
12049,M,133,26,1,26,0
12050,F,182,32,1,32,0
12051,F,347,4,12,38,0
12052,F,300,14,1,14,0
12053,F,427,16,11,74,0
12054,M,296,8,6,32,1
12055,M,46,12,2,16,0
12056,F,306,16,1,16,0
12057,F,342,28,5,42,0
12058,M,287,14,1,14,0
12059,M,90,4,1,4,0
12060,M,303,14,2,18,0
12061,M,96,2,2,10,0
12062,M,363,14,7,42,0
12063,M,214,28,8,46,0
12064,M,203,36,11,84,0
12065,F,234,10,1,10,0
12066,F,107,22,2,30,0
12067,M,198,16,5,36,1
12068,F,191,6,1,6,0
12069,M,163,6,3,22,0
12070,F,160,10,2,16,0
12071,F,161,32,9,70,0
12072,F,241,12,3,20,0
12073,F,178,26,2,28,0
12074,F,146,10,1,10,0
12075,F,173,12,2,14,0
12076,F,309,10,2,18,0
12077,F,113,6,1,6,0
12078,F,216,14,1,14,0
12079,M,374,36,11,66,0
12080,F,384,6,8,52,0
12081,M,109,14,2,20,0
12082,F,252,30,2,36,0
12083,F,299,14,2,18,0
12084,F,398,32,7,50,0
12085,F,125,14,6,46,0
12086,F,264,10,1,10,0
12087,F,287,6,2,10,0
12088,F,200,6,1,6,0
12089,M,297,18,1,18,0
12090,F,275,14,1,14,0
12091,M,234,8,5,24,1
12092,F,184,10,10,66,1
12093,F,234,26,1,26,0
12094,M,280,10,8,34,1
12095,M,257,26,1,26,0
12096,F,120,14,1,14,0
12097,M,145,10,2,18,0
12098,M,102,8,2,12,0
12099,F,210,16,1,16,0
12100,M,207,6,1,6,0
12101,F,291,16,12,52,0
12102,M,301,8,2,10,0
12103,M,401,4,12,70,0
12104,F,268,12,2,18,0
12105,F,220,4,2,8,0
12106,F,345,10,8,44,0
12107,F,263,6,3,24,0
12108,M,282,14,2,18,0
12109,F,160,4,10,34,0
12110,F,162,26,2,34,0
12111,M,414,2,8,46,1
12112,M,72,8,2,16,1
12113,F,162,2,2,10,0
12114,F,346,16,6,48,0
12115,M,313,10,2,14,0
12116,F,315,10,10,46,0
12117,F,296,14,2,20,0
12118,M,258,24,2,32,0
12119,F,260,32,1,32,0
12120,F,240,16,8,52,0
12121,F,340,12,6,30,0
12122,M,287,16,1,16,1
12123,F,91,10,5,26,0
12124,F,441,10,12,72,1
12125,F,206,12,12,38,0
12126,F,84,8,1,8,0
12127,F,217,4,10,54,1
12128,F,274,10,1,10,0
12129,F,122,14,1,14,0
12130,F,384,12,6,40,0
12131,F,178,26,2,32,0
12132,F,43,10,1,10,0
12133,F,50,16,1,16,0
12134,F,142,14,1,14,0
12135,M,42,14,2,20,0
12136,F,72,36,4,54,0
12137,F,96,10,2,12,0
12138,F,373,16,7,46,0
12139,F,434,34,11,66,0
12140,F,250,14,9,42,0
12141,F,263,8,6,28,0
12142,F,218,20,3,34,0
12143,F,281,34,8,66,0
12144,F,271,8,2,12,0
12145,M,305,14,2,18,0
12146,F,374,16,10,46,0
12147,F,217,20,2,28,0
12148,F,214,22,12,78,0
12149,F,111,36,1,36,0
12150,F,119,6,1,6,0
12151,M,232,14,4,30,0
12152,F,328,20,8,58,0
12153,M,92,16,1,16,0
12154,M,126,14,2,20,1
12155,F,95,26,3,32,0
12156,F,242,24,6,58,0
12157,F,252,30,4,42,0
12158,F,238,12,3,28,0
12159,M,335,14,10,68,0
12160,F,318,6,8,42,0
12161,M,196,8,1,8,0
12162,M,278,4,2,10,0
12163,F,478,12,12,82,0
12164,F,75,8,1,8,0
12165,M,318,36,3,42,0
12166,F,210,6,2,8,0
12167,F,300,14,2,22,0
12168,F,150,28,4,40,0
12169,F,272,6,2,10,0
12170,F,176,6,6,38,0
12171,M,95,8,2,12,0
12172,M,34,10,2,16,0
12173,F,239,12,8,58,0
12174,F,233,12,11,68,0
12175,F,252,16,3,30,0
12176,M,343,12,9,66,0
12177,F,253,10,1,10,1
12178,F,141,4,2,12,0
12179,M,280,12,2,14,0
12180,F,256,30,12,80,0
12181,M,339,14,3,30,0
12182,F,51,16,1,16,0
12183,F,125,32,1,32,0
12184,F,329,14,3,24,0
12185,F,79,16,1,16,0
12186,F,89,10,1,10,0
12187,F,199,14,10,40,0
12188,F,30,4,2,12,0
12189,F,263,10,1,10,0
12190,F,162,8,5,32,0
12191,F,54,12,1,12,0
12192,M,155,12,2,20,0
12193,F,308,2,2,10,0
12194,F,220,32,2,36,0
12195,F,75,10,2,12,0
12196,F,151,14,2,22,0
12197,F,230,28,5,54,0
12198,F,96,26,2,28,0
12199,F,125,22,8,44,0
12200,F,17,6,1,6,0
12201,M,138,14,5,30,0
12202,F,302,16,8,44,0
12203,F,173,20,2,28,0
12204,F,364,16,8,60,0
12205,M,206,14,2,16,0
12206,M,209,12,2,20,0
12207,F,309,4,9,56,0
12208,M,45,8,2,14,0
12209,M,192,34,2,40,0
12210,M,251,6,2,14,0
12211,F,180,14,2,18,0
12212,F,329,20,2,24,0
12213,M,212,16,5,38,1
12214,M,258,8,10,44,0
12215,F,163,14,2,18,0
12216,F,153,26,5,54,0
12217,F,189,16,1,16,0
12218,F,87,12,2,14,0
12219,F,307,12,6,26,0
12220,F,260,20,2,22,0
12221,M,217,2,1,2,0
12222,M,253,2,12,70,0
12223,M,296,30,2,32,0
12224,M,126,14,3,28,0
12225,F,305,14,2,22,0
12226,F,124,16,2,22,0
12227,F,167,18,5,32,0
12228,M,412,22,10,58,0
12229,F,90,16,2,18,0
12230,F,360,30,10,74,0
12231,F,393,22,11,44,0
12232,F,191,8,1,8,0
12233,F,75,14,2,22,0
12234,M,77,2,2,4,1
12235,M,181,14,1,14,1
12236,M,61,16,4,38,0
12237,F,117,34,1,34,0
12238,F,80,12,1,12,0
12239,F,177,6,1,6,0
12240,F,301,22,3,30,0
12241,F,295,16,11,80,0
12242,F,239,8,2,12,0
12243,M,122,12,1,12,0
12244,F,28,8,1,8,0
12245,F,318,8,2,10,0
12246,M,109,14,3,22,1
12247,F,266,2,1,2,0
12248,F,238,16,5,38,0
12249,M,355,14,5,34,0
12250,M,156,34,4,58,0
12251,M,238,10,2,14,0
12252,M,381,10,12,70,0
12253,F,260,12,1,12,0
12254,F,356,12,10,62,0
12255,F,187,6,12,58,0
12256,M,214,10,2,18,0
12257,F,415,8,10,62,0
12258,F,103,6,1,6,0
12259,M,238,30,5,44,0
12260,M,312,10,1,10,0
12261,M,300,12,1,12,0
12262,M,148,6,4,20,1
12263,M,243,4,1,4,0
12264,F,177,10,7,46,1
12265,F,300,20,2,26,0
12266,F,115,34,1,34,0
12267,F,203,26,2,28,0
12268,M,40,22,1,22,0
12269,F,247,16,2,18,1
12270,F,176,14,4,36,0
12271,F,355,30,7,54,0
12272,M,141,28,2,30,0
12273,M,129,4,1,4,1
12274,M,133,2,1,2,0
12275,F,203,10,1,10,0
12276,F,205,4,1,4,0
12277,F,199,14,2,20,0
12278,F,157,14,2,22,0
12279,M,273,8,3,16,0
12280,F,296,4,1,4,0
12281,F,77,4,2,10,0
12282,F,125,12,2,16,0
12283,F,316,22,7,50,0
12284,F,56,14,2,22,0
12285,F,322,12,11,38,0
12286,F,88,8,3,16,0
12287,F,116,16,1,16,0
12288,F,94,24,1,24,0
12289,F,103,4,2,12,0
12290,F,196,10,1,10,0
12291,M,33,2,2,4,0
12292,M,397,2,8,34,0
12293,F,258,14,10,66,0
12294,F,121,12,5,32,0
12295,F,16,12,1,12,0
12296,F,384,10,8,46,0
12297,F,123,10,1,10,0
12298,F,284,16,2,20,0
12299,F,90,10,5,38,0
12300,F,49,10,1,10,0
12301,M,306,12,2,20,0
12302,M,195,24,2,32,0
12303,F,307,16,10,40,0
12304,F,107,14,6,36,0
12305,F,26,18,1,18,0
12306,F,112,14,1,14,0
12307,F,286,18,8,40,0
12308,F,443,16,11,46,0
12309,M,260,10,1,10,0
12310,F,298,8,12,60,0
12311,F,212,8,2,16,0
12312,F,249,18,2,26,0
12313,F,53,12,2,14,0
12314,F,301,10,11,62,0
12315,M,60,16,2,24,0
12316,F,217,10,2,16,0
12317,M,183,32,2,40,0
12318,M,143,16,5,44,0
12319,M,179,8,2,16,0
12320,F,289,30,4,44,0
12321,F,225,8,1,8,0
12322,F,217,2,1,2,0
12323,F,147,16,1,16,0
12324,F,232,10,1,10,0
12325,F,133,2,8,20,1
12326,F,207,8,1,8,0
12327,M,242,14,1,14,0
12328,F,221,16,11,62,0
12329,F,35,18,1,18,0
12330,M,212,10,2,18,0
12331,F,359,14,11,40,0
12332,M,147,12,1,12,0
12333,M,101,10,2,12,0
12334,M,250,22,3,36,0
12335,F,144,16,1,16,0
12336,F,267,26,2,28,0
12337,F,52,2,1,2,0
12338,M,182,2,1,2,0
12339,M,329,16,5,36,0
12340,F,163,26,9,48,0
12341,M,90,12,3,26,0
12342,F,192,34,6,52,0
12343,M,193,10,2,18,1
12344,M,227,14,1,14,0
12345,M,44,2,2,10,0
12346,F,178,16,2,22,0
12347,F,307,2,5,20,0
12348,F,352,10,10,48,0
12349,M,234,4,4,28,0
12350,F,233,6,2,12,0
12351,F,208,16,2,20,0
12352,M,211,32,1,32,0
12353,F,224,10,10,62,1
12354,F,89,4,4,18,0
12355,F,177,14,2,18,0
12356,F,271,8,2,16,0
12357,F,237,10,2,16,0
12358,M,35,8,2,10,0
12359,F,294,28,2,30,0
12360,M,329,32,4,42,0
12361,M,189,6,2,14,0
12362,F,46,4,1,4,0
12363,F,134,16,3,32,0
12364,F,89,2,2,8,0
12365,F,18,10,1,10,0
12366,F,35,16,2,20,0
12367,M,236,14,1,14,0
12368,F,159,28,4,52,0
12369,F,323,34,12,70,0
12370,F,295,12,2,16,0
12371,F,210,2,6,36,1
12372,F,39,6,2,10,0
12373,F,115,12,1,12,0
12374,F,173,2,2,4,0
12375,M,264,26,11,64,0
12376,M,419,14,12,50,0
12377,F,153,10,1,10,0
12378,M,87,30,1,30,0
12379,M,351,14,10,46,0
12380,F,353,4,11,54,0
12381,F,215,14,1,14,0
12382,F,305,16,8,60,0
12383,F,218,14,8,48,0
12384,M,179,2,1,2,0
12385,F,33,2,1,2,0
12386,F,140,24,2,30,0
12387,M,73,22,1,22,0
12388,F,273,16,6,38,0
12389,F,319,10,9,54,1
12390,F,409,6,10,42,0
12391,M,132,16,2,22,0
12392,M,135,16,4,26,0
12393,F,196,10,2,18,0
12394,F,320,6,2,12,0
12395,F,283,6,9,44,0
12396,F,229,2,7,18,1
12397,M,307,16,1,16,0
12398,F,435,12,10,34,0
12399,M,120,16,6,48,1
12400,F,70,34,2,36,0
12401,F,97,34,1,34,0
12402,F,202,2,4,14,0
12403,F,194,2,9,36,1
12404,F,140,10,1,10,0
12405,F,74,14,1,14,0
12406,F,103,14,2,18,0
12407,M,191,6,2,10,0
12408,F,374,4,7,18,0
12409,M,204,12,2,20,0
12410,F,310,2,1,2,0
12411,M,185,24,6,38,0
12412,F,319,12,2,16,0
12413,F,178,32,3,44,0
12414,M,306,10,12,50,0
12415,F,138,8,1,8,0
12416,M,258,4,2,12,0
12417,M,229,30,2,32,0
12418,F,237,10,2,16,0
12419,F,87,6,2,14,0
12420,F,169,4,2,10,0
12421,F,198,14,2,16,0
12422,F,81,2,1,2,0
12423,M,283,6,1,6,0
12424,M,261,10,1,10,0
12425,F,238,4,11,40,0
12426,F,372,16,5,28,0
12427,F,133,32,1,32,0
12428,F,273,14,1,14,0
12429,M,231,14,12,54,1
12430,M,104,30,5,52,0
12431,F,174,16,2,22,1
12432,F,317,4,9,22,1
12433,M,191,6,10,56,0
12434,F,209,8,1,8,0
12435,F,285,6,9,56,0
12436,M,244,4,2,6,0
12437,F,235,36,8,64,0
12438,F,31,10,1,10,0
12439,M,123,8,1,8,0
12440,M,281,24,9,50,0
12441,M,405,6,12,70,1
12442,F,394,6,9,36,0
12443,M,113,14,2,20,0
12444,F,276,4,9,26,0
12445,F,297,28,1,28,1
12446,F,352,12,11,78,0
12447,F,261,6,10,54,0
12448,F,315,30,2,32,0
12449,F,185,8,2,12,0
12450,F,320,16,5,42,0
12451,F,134,12,5,30,0
12452,F,237,2,2,6,0
12453,M,285,26,11,60,0
12454,M,91,16,5,42,0
12455,M,213,4,4,22,0
12456,F,202,14,2,20,0
12457,F,242,22,1,22,0
12458,F,250,2,3,8,0
12459,F,184,12,1,12,0
12460,F,235,24,8,50,0
12461,F,332,16,8,48,0
12462,F,234,4,2,12,0
12463,F,257,6,2,8,1
12464,F,178,16,11,72,0
12465,F,140,14,1,14,0
12466,M,199,10,1,10,0
12467,F,63,8,1,8,0
12468,M,186,16,2,22,0
12469,M,308,28,1,28,0
12470,M,61,16,2,20,0
12471,M,208,4,2,8,0
12472,M,35,6,1,6,0
12473,F,45,26,2,34,0
12474,M,252,24,2,32,0
12475,M,77,8,1,8,0
12476,F,124,6,2,10,0
12477,F,167,4,11,58,0
12478,F,22,20,1,20,0
12479,F,383,12,10,42,0
12480,F,82,4,1,4,0
12481,M,32,10,1,10,0
12482,F,159,4,7,18,1
12483,M,225,8,2,12,1
12484,F,132,10,1,10,0
12485,M,412,14,11,76,0
12486,F,302,16,2,22,0
12487,M,287,12,2,16,1
12488,F,97,4,6,22,0
12489,F,306,10,1,10,0
12490,F,266,26,12,68,0
12491,F,176,10,6,32,0
12492,F,404,18,7,38,0
12493,F,286,16,2,22,0
12494,M,155,10,8,44,0
12495,F,225,14,1,14,0
12496,F,202,16,10,74,0
12497,F,81,12,1,12,0
12498,M,70,20,1,20,0
12499,F,392,16,12,80,0
12500,F,170,2,3,18,0
12501,F,311,8,10,46,0
12502,M,215,16,1,16,0
12503,M,90,10,2,14,0
12504,F,289,10,2,14,0
12505,F,297,8,7,22,0
12506,F,347,10,6,28,0
12507,M,26,32,1,32,0
12508,F,188,36,6,62,0
12509,M,236,14,1,14,0
12510,F,353,14,11,62,0
12511,F,43,10,1,10,0
12512,M,46,10,1,10,0
12513,M,266,8,2,10,0
12514,F,59,8,1,8,0
12515,M,99,14,2,16,0
12516,F,181,10,8,28,0
12517,M,268,22,11,70,0
12518,F,275,16,6,38,0
12519,F,216,16,2,20,0
12520,F,134,34,1,34,0
12521,F,194,8,1,8,0
12522,F,322,10,2,12,0
12523,F,252,2,1,2,0
12524,F,113,14,1,14,0
12525,F,156,14,2,20,0
12526,F,297,2,8,20,0
12527,M,415,16,12,68,1
12528,F,121,8,2,12,0
12529,F,268,14,3,24,0
12530,F,254,6,10,58,0
12531,F,69,12,1,12,0
12532,F,146,14,2,18,0
12533,M,228,4,2,6,1
12534,F,255,16,2,22,0
12535,F,133,14,4,32,0
12536,F,142,4,2,6,0
12537,F,225,14,2,18,0
12538,F,268,36,1,36,0
12539,M,376,14,10,58,0
12540,F,300,14,1,14,0
12541,F,232,26,2,30,0
12542,M,269,2,10,50,1
12543,M,174,36,2,38,0
12544,M,131,10,3,16,0
12545,M,191,20,1,20,0
12546,F,170,32,6,46,0
12547,F,201,14,2,20,0
12548,F,192,16,2,24,0
12549,F,296,16,5,28,0
12550,F,124,12,1,12,0
12551,F,78,12,1,12,0
12552,F,162,10,2,18,0
12553,F,188,16,1,16,0
12554,F,380,6,6,26,0
12555,F,173,10,2,18,0
12556,F,168,4,1,4,0
12557,F,41,12,2,18,0
12558,F,308,12,8,58,0
12559,F,229,16,1,16,1
12560,M,169,10,1,10,0
12561,M,399,14,8,50,0
12562,M,446,30,10,62,0
12563,M,183,8,9,44,0
12564,F,130,10,1,10,0
12565,F,425,14,12,58,0
12566,F,292,16,8,62,0
12567,F,110,20,1,20,0
12568,F,309,8,2,12,0
12569,F,235,14,1,14,0
12570,F,36,10,1,10,0
12571,F,273,36,1,36,0
12572,F,98,16,2,24,0
12573,F,315,2,2,10,1
12574,F,204,32,4,44,0
12575,F,291,2,1,2,1
12576,F,161,10,1,10,0
12577,F,45,4,2,6,0
12578,F,241,22,1,22,0
12579,F,176,20,3,36,1
12580,F,295,8,2,14,0
12581,M,31,28,2,36,0
12582,F,279,10,2,16,0
12583,F,230,12,5,26,0
12584,F,211,10,5,24,0
12585,F,342,12,9,42,0
12586,M,321,16,10,46,0
12587,F,216,26,6,50,0
12588,F,201,4,4,26,0
12589,F,322,12,12,74,1
12590,F,97,12,2,20,0
12591,M,326,22,4,38,0
12592,M,325,6,2,10,0
12593,M,325,4,2,12,0
12594,F,131,8,6,30,0
12595,M,208,28,9,60,0
12596,F,51,8,2,14,0
12597,M,120,8,5,32,0
12598,F,300,20,12,62,0
12599,M,210,16,1,16,0
12600,F,357,2,10,38,1
12601,M,328,10,3,28,0
12602,F,303,28,2,32,1
12603,M,166,16,1,16,0
12604,F,44,16,2,18,0
12605,F,29,16,1,16,0
12606,F,159,4,2,10,0
12607,F,172,24,4,46,0
12608,F,189,18,3,32,0
12609,F,248,6,2,8,0
12610,F,93,4,2,10,0
12611,F,125,8,1,8,0
12612,F,34,10,2,12,0
12613,M,296,4,9,34,0
12614,F,252,14,2,20,0
12615,F,241,10,2,16,1
12616,M,130,14,2,22,0
12617,M,147,2,5,20,0
12618,F,194,8,2,12,0
12619,F,326,34,5,48,0
12620,F,57,10,3,20,0
12621,F,308,28,2,32,0
12622,F,33,2,2,6,0
12623,F,159,28,1,28,0
12624,F,159,34,1,34,0
12625,F,36,12,1,12,0
12626,F,257,26,6,48,0
12627,F,81,20,2,28,0
12628,F,245,12,1,12,0
12629,F,205,24,3,34,0
12630,M,132,32,2,34,0
12631,F,29,24,1,24,0
12632,F,308,10,2,12,0
12633,F,195,12,2,16,0
12634,F,230,2,1,2,0
12635,F,248,34,2,42,0
12636,M,337,8,12,48,0
12637,F,195,12,1,12,0
12638,M,228,12,1,12,0
12639,F,35,36,2,40,0
12640,M,422,14,11,64,0
12641,M,210,34,1,34,0
12642,F,136,24,1,24,0
12643,F,379,34,10,64,0
12644,M,135,14,8,38,0
12645,M,405,14,9,50,0
12646,M,88,10,1,10,0
12647,F,303,2,2,6,1
12648,F,349,28,8,56,0
12649,F,143,10,1,10,0
12650,F,284,8,2,14,0
12651,F,195,12,2,14,0
12652,F,141,24,2,28,0
12653,F,184,6,7,20,0
12654,F,301,2,2,8,0
12655,M,111,14,1,14,0
12656,F,144,4,1,4,0
12657,F,248,10,1,10,0
12658,M,16,8,1,8,0
12659,F,297,12,1,12,0
12660,M,212,10,1,10,0
12661,F,119,10,5,26,0
12662,M,152,16,1,16,0
12663,F,181,16,1,16,0
12664,F,243,2,2,6,0
12665,F,434,14,11,54,0
12666,F,176,12,2,14,0
12667,F,231,24,10,62,0
12668,F,201,32,1,32,0
12669,F,106,16,2,24,0
12670,F,111,18,2,20,0
12671,M,171,2,2,4,0
12672,M,434,14,9,56,0
12673,F,110,10,6,28,0
12674,F,121,12,1,12,0
12675,F,236,6,2,12,0
12676,F,18,16,1,16,0
12677,F,300,10,7,46,0
12678,M,115,16,2,20,0
12679,F,153,32,2,38,0
12680,F,258,10,7,38,0
12681,F,305,2,2,10,1
12682,F,73,14,1,14,0
12683,M,142,12,1,12,0
12684,F,267,16,2,18,0
12685,F,214,6,1,6,0
12686,F,122,12,4,28,0
12687,F,38,4,1,4,0
12688,M,224,16,2,18,0
12689,F,184,18,5,30,0
12690,M,193,14,7,46,0
12691,F,206,26,8,66,0
12692,M,300,6,2,12,0
12693,F,141,12,4,22,0
12694,M,190,12,11,62,0
12695,F,261,14,4,34,0
12696,F,191,6,2,14,0
12697,F,311,30,5,58,0
12698,M,135,16,2,18,0
12699,F,284,10,5,20,0
12700,M,341,2,12,40,1
12701,M,123,24,2,30,0
12702,M,98,12,3,22,0
12703,F,303,16,2,20,0
12704,F,87,8,1,8,0
12705,F,156,4,1,4,0
12706,F,100,2,1,2,0
12707,F,332,12,10,48,0
12708,F,165,12,8,32,1
12709,F,285,36,6,56,0
12710,M,328,10,2,18,0
12711,F,178,10,2,12,0
12712,F,140,10,4,26,0
12713,F,393,14,12,78,0
12714,F,354,4,7,44,0
12715,F,94,26,3,40,0
12716,M,23,4,1,4,0
12717,F,415,10,11,34,0
12718,M,159,10,8,38,1
12719,M,291,14,2,20,0
12720,F,206,18,4,36,0
12721,F,219,12,6,34,0
12722,M,20,10,1,10,0
12723,F,115,14,5,24,0
12724,F,232,30,1,30,0
12725,F,93,14,2,16,0
12726,F,124,4,1,4,0
12727,M,192,12,1,12,0
12728,F,175,4,3,12,0
12729,F,222,34,9,54,0
12730,M,114,10,2,14,0
12731,F,267,12,6,38,0
12732,F,200,16,2,18,0
12733,F,289,4,11,30,0
12734,M,92,6,2,12,0
12735,F,400,26,9,50,0
12736,F,329,16,2,24,0
12737,F,308,18,5,38,0
12738,F,176,22,2,28,0
12739,F,324,10,2,14,0
12740,F,219,34,8,78,0
12741,M,117,8,2,16,0
12742,F,203,6,12,32,0
12743,F,168,8,1,8,0
12744,M,99,4,3,16,0
12745,F,200,12,11,54,0
12746,F,261,6,9,54,0
12747,F,268,8,4,30,1
12748,M,284,12,5,26,0
12749,F,325,4,10,56,0
12750,M,448,32,10,84,0
12751,F,41,28,2,36,0
12752,M,190,4,1,4,0
12753,F,255,12,1,12,0
12754,F,156,16,1,16,0
12755,F,242,14,2,18,0
12756,F,248,10,10,36,0
12757,F,211,4,10,50,0
12758,M,191,12,1,12,0
12759,F,246,16,1,16,0
12760,M,230,4,1,4,1
12761,F,199,4,10,34,0
12762,F,22,2,1,2,1
12763,F,302,18,1,18,0
12764,M,144,12,9,50,0
12765,F,169,16,1,16,0
12766,F,285,14,2,18,0
12767,F,120,4,2,10,0
12768,F,75,4,4,26,1
12769,M,162,8,2,12,1
12770,F,300,10,1,10,0
12771,M,356,4,6,22,1
12772,M,105,18,1,18,0
12773,F,475,4,12,52,0
12774,M,81,10,2,12,0
12775,F,279,4,2,12,0
12776,F,221,26,6,58,0
12777,F,187,28,2,34,0
12778,F,121,12,1,12,0
12779,M,374,28,10,56,0
12780,M,126,14,1,14,0
12781,F,273,16,3,22,0
12782,F,81,8,1,8,0
12783,M,292,10,1,10,0
12784,M,270,4,4,22,1
12785,M,87,34,2,40,0
12786,M,37,12,2,18,0
12787,F,234,10,1,10,0
12788,M,206,14,2,16,0
12789,M,97,12,2,16,0
12790,F,320,10,2,18,0
12791,M,264,4,12,30,1
12792,F,258,12,1,12,0
12793,F,16,14,1,14,0
12794,F,281,30,1,30,0
12795,F,243,10,2,14,0
12796,F,132,14,2,20,0
12797,F,257,12,4,28,0
12798,F,258,14,2,18,0
12799,M,217,18,1,18,0
12800,F,114,10,6,38,0
12801,F,299,16,1,16,0
12802,M,304,16,2,22,0
12803,F,399,10,12,48,0
12804,F,106,24,2,26,0
12805,F,178,16,2,22,0
12806,F,247,4,1,4,0
12807,F,229,16,2,20,0
12808,M,260,2,9,50,0
12809,F,268,12,1,12,0
12810,M,303,14,3,28,0
12811,F,126,14,1,14,0
12812,M,268,12,7,46,1
12813,F,204,4,1,4,0
12814,M,430,10,9,34,0
12815,F,353,28,12,84,0
12816,M,97,26,1,26,0
12817,F,258,24,5,48,0
12818,M,158,24,7,58,0
12819,F,101,10,2,18,0
12820,F,173,4,10,56,0
12821,M,328,12,2,16,0
12822,M,26,12,1,12,0
12823,F,247,14,2,18,0
12824,F,314,4,2,8,1
12825,F,100,2,3,12,0
12826,F,321,6,2,14,0
12827,M,174,2,4,20,1
12828,F,238,8,4,28,0
12829,F,305,14,8,56,0
12830,M,269,12,1,12,0
12831,F,285,34,8,72,0
12832,F,114,2,7,18,1
12833,F,58,10,2,16,0
12834,F,140,16,4,28,0
12835,F,108,2,2,8,0
12836,F,207,4,7,34,0
12837,F,291,18,2,20,0
12838,F,32,12,1,12,0
12839,F,156,12,1,12,0
12840,F,284,20,2,26,0
12841,F,325,8,2,12,0
12842,F,287,12,7,40,0
12843,F,237,12,7,50,0
12844,M,236,14,2,22,0
12845,F,94,2,1,2,0
12846,F,240,12,1,12,0
12847,F,218,24,2,30,0
12848,M,279,32,8,78,0
12849,F,30,14,1,14,0
12850,F,49,24,1,24,0
12851,M,155,30,6,44,1
12852,F,199,32,2,40,0
12853,F,303,6,1,6,0
12854,F,88,10,1,10,0
12855,F,463,16,12,72,0
12856,F,182,2,2,6,0
12857,M,141,30,6,50,0
12858,F,144,10,4,26,0
12859,M,285,10,1,10,0
12860,F,359,14,5,34,0
12861,M,109,10,1,10,0
12862,F,217,12,1,12,0
12863,F,217,14,8,48,0
12864,F,335,8,12,38,0
12865,F,254,10,1,10,0
12866,F,49,10,2,14,0
12867,F,451,32,12,70,0
12868,F,292,10,1,10,0
12869,F,125,24,2,28,0
12870,F,41,14,1,14,0
12871,F,186,14,9,48,0
12872,F,259,4,9,34,0
12873,F,317,14,9,64,0
12874,F,163,6,1,6,0
12875,M,361,16,11,80,0
12876,F,173,32,10,74,0
12877,F,63,10,2,14,0
12878,M,253,8,10,30,0
12879,F,31,10,1,10,0
12880,F,191,8,2,14,0
12881,F,263,14,6,32,0
12882,F,225,6,1,6,0
12883,F,42,18,2,20,0
12884,M,161,8,1,8,0
12885,F,274,6,4,26,0
12886,F,134,6,2,14,0
12887,F,205,12,9,54,0
12888,F,124,14,1,14,0
12889,F,370,10,8,50,0
12890,F,250,14,2,22,0
12891,M,339,8,7,46,0
12892,F,287,4,11,36,1
12893,F,190,14,10,72,0
12894,F,42,12,2,18,0
12895,F,174,12,10,42,0
12896,F,297,12,1,12,0
12897,F,285,16,2,20,0
12898,F,103,12,2,14,0
12899,F,422,14,11,70,1
12900,F,84,12,1,12,0
12901,M,48,10,1,10,1
12902,F,284,14,10,36,0
12903,M,297,8,9,34,0
12904,M,169,14,3,24,1
12905,F,299,12,7,34,0
12906,F,245,22,1,22,0
12907,F,75,4,2,10,0
12908,F,323,2,7,20,0
12909,M,227,24,6,44,0
12910,M,385,16,10,44,0
12911,F,84,2,2,4,1
12912,F,90,12,2,14,0
12913,F,250,2,1,2,0
12914,F,63,24,2,26,0
12915,F,223,14,1,14,0
12916,F,153,8,1,8,0
12917,M,159,12,7,44,0
12918,F,29,14,1,14,0
12919,F,277,12,5,36,0
12920,M,293,12,2,18,0
12921,M,130,12,7,42,1
12922,M,161,20,1,20,0
12923,F,218,4,2,8,0
12924,M,133,16,3,26,0
12925,F,293,12,1,12,0
12926,F,126,8,2,16,0
12927,F,330,14,6,34,0
12928,F,212,30,7,62,0
12929,F,126,10,1,10,0
12930,F,54,16,1,16,0
12931,M,114,14,2,16,0
12932,M,263,2,1,2,0
12933,F,380,14,10,56,0
12934,M,102,8,5,26,0
12935,F,379,18,10,64,0
12936,F,51,12,2,18,0
12937,F,357,14,4,24,0
12938,F,186,4,2,12,0
12939,F,318,6,9,40,0
12940,F,285,2,1,2,0
12941,F,349,16,7,46,0
12942,F,281,12,7,26,0
12943,M,228,8,1,8,1
12944,M,193,12,2,18,0
12945,M,47,2,2,4,0
12946,F,94,16,5,44,0
12947,F,224,10,4,32,1
12948,F,105,16,2,22,0
12949,F,315,14,4,24,1
12950,F,247,10,1,10,0
12951,F,275,24,2,32,0
12952,F,125,26,2,30,0
12953,F,22,12,1,12,0
12954,M,354,22,6,38,0
12955,F,237,12,1,12,0
12956,F,350,22,10,56,0
12957,F,278,24,12,78,0
12958,F,282,34,2,36,0
12959,F,311,10,1,10,0
12960,F,260,30,2,38,0
12961,M,192,2,2,4,0
12962,F,180,8,1,8,0
12963,M,192,10,1,10,1
12964,M,366,2,9,36,0
12965,F,213,6,1,6,0
12966,F,259,12,8,44,0
12967,F,73,14,4,28,0
12968,M,243,16,1,16,0
12969,F,178,14,2,20,0
12970,F,199,12,2,18,0
12971,F,228,26,2,28,0
12972,M,329,32,2,40,0
12973,F,112,10,1,10,0
12974,F,316,16,3,30,0
12975,F,370,20,8,52,0
12976,F,246,12,11,38,1
12977,F,312,14,1,14,0
12978,F,91,4,2,6,0
12979,F,40,14,2,22,0
12980,F,357,2,6,20,1
12981,F,230,2,12,32,0
12982,F,268,2,6,18,0
12983,F,290,12,2,20,0
12984,M,85,16,1,16,0
12985,F,295,4,11,30,0
12986,F,44,32,2,40,0
12987,F,244,14,10,68,0
12988,M,278,16,6,48,1
12989,F,252,16,1,16,0
12990,F,246,34,2,40,0
12991,F,240,6,12,46,0
12992,M,212,24,2,26,0
12993,M,219,10,6,28,1
12994,M,191,4,2,8,0
12995,F,260,6,9,26,0
12996,F,310,2,1,2,0
12997,F,316,16,2,22,0
12998,M,157,30,8,46,0
12999,F,69,36,1,36,0
13000,F,69,16,2,22,0
13001,F,142,26,2,34,0
13002,M,120,24,1,24,0
13003,F,238,16,4,32,0
13004,F,177,8,2,14,0
13005,F,296,14,2,20,0
13006,M,222,14,1,14,0
13007,F,82,16,2,22,0
13008,F,127,4,2,6,0
13009,F,96,8,2,10,0
13010,F,157,14,4,32,0
13011,F,314,10,1,10,0
13012,F,256,16,4,36,0
13013,M,366,34,12,68,0
13014,M,369,16,6,40,1
13015,M,179,24,1,24,0
13016,F,269,32,1,32,0
13017,F,230,10,5,30,0
13018,F,193,34,12,99,0
13019,M,54,12,1,12,0
13020,M,265,4,2,8,1
13021,M,393,8,11,62,0
13022,F,91,12,2,16,0
13023,F,44,12,2,16,0
13024,F,248,16,7,44,0
13025,F,101,16,2,24,0
13026,F,389,30,6,50,1
13027,M,108,10,2,12,0
13028,F,82,4,3,20,0
13029,F,172,14,2,18,0
13030,F,293,18,9,42,0
13031,F,172,12,1,12,0
13032,F,378,16,6,28,0
13033,F,42,10,2,16,0
13034,M,55,10,1,10,0
13035,F,225,12,1,12,0
13036,M,110,2,1,2,0
13037,F,190,6,1,6,0
13038,F,262,10,1,10,0
13039,F,356,10,4,20,0
13040,F,214,22,2,26,0
13041,F,98,12,1,12,0
13042,F,281,14,3,22,0
13043,F,211,28,1,28,0
13044,F,284,30,1,30,0
13045,F,345,16,12,46,0
13046,F,318,10,12,74,0
13047,F,82,16,3,26,0
13048,M,304,20,2,22,0
13049,M,51,34,2,38,0
13050,M,302,14,12,48,0
13051,F,224,10,6,26,0
13052,M,316,12,3,20,1
13053,F,215,4,1,4,0
13054,F,177,8,1,8,0
13055,M,248,16,8,38,1
13056,F,148,16,1,16,0
13057,F,86,6,1,6,0
13058,F,149,16,2,18,0
13059,F,340,8,3,16,1
13060,F,307,34,1,34,0
13061,F,277,32,1,32,0
13062,M,316,4,7,44,0
13063,M,213,20,1,20,0
13064,F,349,14,10,62,0
13065,F,328,2,2,8,0
13066,F,382,32,7,68,0
13067,M,158,32,2,34,0
13068,M,408,2,11,46,0
13069,F,212,32,2,38,0
13070,F,126,16,1,16,0
13071,M,33,16,1,16,0
13072,F,422,18,9,56,0
13073,F,277,14,2,20,0
13074,M,36,6,2,14,0
13075,F,429,8,10,40,1
13076,F,184,12,2,18,0
13077,M,150,12,2,18,0
13078,F,222,10,2,14,0
13079,F,293,16,8,42,0
13080,F,115,30,2,34,0
13081,F,357,32,12,92,0
13082,F,36,4,1,4,0
13083,F,104,18,1,18,0
13084,F,172,6,4,24,0
13085,M,317,16,2,22,0
13086,F,402,18,8,38,0
13087,F,270,28,1,28,0
13088,F,308,12,7,36,0
13089,F,199,24,7,54,0
13090,M,52,10,2,12,0
13091,F,397,10,10,36,0
13092,M,136,2,8,26,1
13093,M,177,10,1,10,0
13094,M,230,2,1,2,1
13095,F,281,12,2,16,1
13096,M,286,22,2,30,0
13097,F,371,30,11,88,0
13098,F,132,14,2,22,0
13099,M,248,34,7,52,0
13100,F,124,14,2,20,0
13101,F,180,36,10,66,0
13102,M,24,8,1,8,0
13103,F,229,20,7,52,0
13104,M,153,12,8,44,0
13105,F,130,2,2,8,0
13106,F,100,20,2,26,0
13107,F,34,2,1,2,0
13108,M,183,30,5,44,0
13109,F,405,16,11,70,0
13110,M,21,6,1,6,0
13111,M,118,14,2,22,0
13112,F,329,16,2,20,0
13113,F,187,12,5,42,0
13114,F,101,10,2,14,0
13115,F,235,16,2,22,0
13116,F,418,10,9,48,0
13117,M,216,34,11,96,0
13118,F,49,36,2,44,0
13119,M,309,34,2,36,0
13120,F,187,16,1,16,0
13121,M,314,4,2,10,0
13122,F,237,36,2,40,0
13123,F,79,20,1,20,0
13124,F,135,14,2,20,0
13125,F,283,18,2,22,0
13126,F,68,14,2,16,0
13127,F,418,8,9,54,0
13128,F,267,16,1,16,0
13129,M,316,22,11,78,0
13130,F,119,12,4,22,0
13131,F,322,6,10,36,0
13132,M,200,16,2,18,1
13133,F,186,22,6,56,0
13134,F,301,22,2,30,0
13135,M,411,30,8,56,1
13136,M,232,16,10,62,1
13137,F,83,4,1,4,0
13138,F,145,4,2,12,0
13139,F,106,14,4,26,0
13140,F,54,16,2,20,0
13141,F,213,16,6,46,0
13142,M,141,2,2,4,0
13143,F,201,8,2,16,0
13144,F,270,26,1,26,0
13145,M,182,14,12,38,1
13146,M,56,12,2,16,0
13147,F,287,14,1,14,0
13148,M,244,12,2,14,0
13149,F,144,14,1,14,0
13150,F,175,16,4,26,0
13151,F,199,8,1,8,0
13152,F,76,30,1,30,0
13153,F,121,26,1,26,0
13154,M,350,2,4,18,0
13155,F,424,10,11,64,0
13156,F,243,16,2,24,1
13157,M,33,14,2,16,0
13158,F,170,14,1,14,0
13159,F,233,10,1,10,0
13160,F,227,36,1,36,0
13161,F,124,14,2,18,0
13162,F,290,2,2,4,0
13163,F,237,12,2,20,0
13164,F,278,22,6,40,0
13165,F,139,4,1,4,0
13166,M,292,16,1,16,0
13167,F,227,4,1,4,0
13168,F,254,36,7,68,0
13169,F,91,12,1,12,0
13170,M,172,16,1,16,0
13171,F,31,10,2,16,0
13172,F,323,12,12,82,1
13173,F,227,30,1,30,0
13174,F,299,22,11,78,0
13175,M,352,6,11,58,0
13176,F,227,10,1,10,0
13177,M,159,16,7,42,0
13178,M,268,8,12,58,0
13179,F,388,26,9,48,0
13180,M,308,18,1,18,0
13181,F,80,16,1,16,0
13182,F,272,4,12,30,0
13183,M,60,8,2,14,0
13184,F,231,6,7,30,0
13185,M,187,12,2,18,1
13186,M,227,4,6,18,0
13187,F,152,20,1,20,0
13188,M,201,2,2,6,0
13189,F,422,12,9,60,0
13190,F,15,12,1,12,0
13191,F,202,14,12,64,1
13192,F,183,18,1,18,0
13193,M,280,8,7,40,0
13194,F,80,16,1,16,0
13195,F,60,6,2,10,0
13196,F,221,10,2,12,0
13197,F,181,16,1,16,0
13198,F,154,6,2,14,0
13199,M,289,8,2,16,0
13200,F,153,26,2,28,0
13201,F,161,14,3,32,0
13202,F,162,14,2,16,0
13203,F,18,16,1,16,0
13204,M,328,34,9,62,0
13205,M,115,4,2,10,0
13206,F,327,16,4,38,0
13207,F,173,10,1,10,0
13208,F,56,8,3,18,0
13209,F,188,18,2,22,0
13210,F,53,10,2,14,0
13211,F,156,14,1,14,0
13212,M,147,8,2,12,1
13213,F,287,30,1,30,0
13214,F,200,14,5,30,0
13215,F,397,12,8,46,0
13216,F,216,14,9,66,0
13217,F,133,30,2,38,0
13218,F,108,12,7,34,0
13219,F,181,14,7,42,0
13220,F,408,8,10,50,1
13221,F,86,12,1,12,0
13222,F,261,2,12,34,0
13223,F,251,14,1,14,0
13224,M,373,14,5,36,0
13225,F,97,10,2,12,0
13226,F,270,12,2,18,0
13227,F,75,16,5,44,0
13228,F,154,10,8,42,0
13229,M,174,4,1,4,0
13230,F,295,28,7,46,0
13231,F,287,6,9,38,0
13232,F,274,14,11,68,0
13233,F,206,16,2,24,0
13234,F,116,28,1,28,0
13235,F,257,14,2,18,0
13236,M,86,4,1,4,0
13237,F,415,26,11,68,0
13238,F,79,6,2,14,0
13239,F,23,12,1,12,0
13240,F,80,22,2,30,0
13241,M,148,6,1,6,0
13242,M,184,8,1,8,0
13243,F,188,10,2,18,0
13244,F,345,6,5,20,0
13245,F,213,2,2,8,1
13246,F,123,10,1,10,0
13247,M,69,12,2,18,0
13248,F,151,14,1,14,0
13249,F,173,8,11,66,0
13250,M,91,16,1,16,0
13251,M,173,14,2,20,0
13252,M,301,16,2,22,0
13253,M,178,26,2,30,0
13254,F,235,2,1,2,0
13255,F,296,2,2,8,0
13256,F,240,16,11,76,0
13257,F,347,6,11,38,0
13258,F,195,34,4,50,0
13259,F,131,12,1,12,0
13260,F,60,14,1,14,0
13261,F,77,8,1,8,0
13262,M,249,24,11,64,0
13263,F,304,12,3,22,0
13264,F,30,8,1,8,0
13265,M,210,16,6,32,0
13266,M,33,6,1,6,0
13267,F,185,26,5,50,0
13268,M,290,10,1,10,0
13269,F,224,8,1,8,0
13270,F,223,10,6,24,0
13271,M,92,10,2,14,0
13272,F,253,2,2,8,0
13273,F,43,16,1,16,0
13274,F,228,16,11,52,0
13275,F,314,34,6,60,0
13276,F,262,14,2,22,0
13277,M,305,4,1,4,0
13278,F,30,2,1,2,0
13279,F,46,10,2,18,0
13280,M,261,10,2,18,0
13281,M,143,12,3,26,0
13282,F,197,16,2,24,0
13283,F,110,2,1,2,0
13284,M,171,2,2,10,1
13285,M,230,10,9,54,0
13286,F,188,10,6,28,0
13287,F,75,16,2,20,0
13288,F,131,14,1,14,0
13289,F,273,12,5,36,0
13290,M,230,16,2,18,0
13291,F,214,6,5,20,0
13292,F,309,8,12,58,0
13293,M,74,4,2,6,0
13294,F,274,14,1,14,0
13295,F,152,12,2,20,0
13296,F,309,16,1,16,0
13297,F,184,20,12,78,0
13298,F,127,2,4,16,1
13299,M,179,8,5,24,1
13300,M,55,14,1,14,0
13301,F,16,16,1,16,0
13302,F,142,16,7,34,0
13303,F,217,2,2,4,0
13304,F,96,10,5,26,0
13305,M,270,2,7,22,1
13306,F,303,12,1,12,0
13307,M,236,10,7,26,0
13308,F,246,10,8,32,0
13309,M,148,16,1,16,0
13310,F,147,10,7,44,0
13311,M,238,6,1,6,0
13312,F,136,8,1,8,0
13313,F,269,10,2,16,0
13314,F,305,2,2,6,0
13315,M,360,28,12,88,0
13316,M,194,6,4,24,0
13317,M,265,30,4,44,0
13318,F,186,2,2,4,0
13319,F,312,16,1,16,0
13320,F,280,8,8,56,1
13321,F,244,26,4,36,0
13322,M,371,4,6,38,0
13323,M,225,18,1,18,0
13324,M,249,10,1,10,0
13325,F,226,4,1,4,0
13326,F,161,14,1,14,0
13327,M,173,2,2,8,0
13328,M,278,12,11,70,1
13329,F,54,8,1,8,0
13330,F,237,12,1,12,1
13331,M,51,12,1,12,0
13332,F,134,12,2,14,0
13333,M,156,14,2,20,1
13334,F,165,4,4,20,0
13335,M,42,20,2,22,0
13336,M,253,16,2,20,0
13337,F,222,22,2,26,0
13338,F,189,14,1,14,0
13339,M,298,28,8,68,0
13340,F,26,16,1,16,0
13341,M,107,12,1,12,0
13342,F,88,14,1,14,0
13343,F,155,14,5,26,0
13344,M,391,14,11,42,0
13345,M,155,10,1,10,0
13346,M,172,12,2,16,0
13347,F,183,30,10,54,0
13348,F,214,6,8,46,0
13349,F,160,22,6,42,0
13350,M,140,18,1,18,0
13351,F,177,26,1,26,0
13352,M,330,14,5,34,0
13353,F,416,8,10,36,0
13354,F,318,6,2,14,0
13355,F,59,16,1,16,0
13356,F,296,14,11,54,0
13357,F,225,8,11,30,0
13358,F,281,14,1,14,0
13359,M,152,6,3,24,0
13360,M,295,4,2,12,0
13361,F,72,12,2,18,0
13362,M,274,2,1,2,1
13363,F,269,6,2,10,0
13364,F,306,10,6,32,1
13365,F,120,14,2,20,0
13366,M,184,16,1,16,0
13367,F,99,4,1,4,0
13368,F,177,30,1,30,0
13369,M,249,14,8,40,0
13370,F,182,14,2,18,0
13371,F,247,2,2,8,0
13372,F,152,10,1,10,0
13373,M,386,24,9,74,0
13374,F,255,14,2,22,0
13375,F,137,16,1,16,0
13376,F,359,10,8,50,0
13377,M,221,2,8,20,0
13378,F,166,34,2,40,0
13379,F,237,16,1,16,0
13380,F,84,14,2,22,0
13381,M,180,12,1,12,0
13382,F,148,14,8,42,0
13383,F,253,8,3,18,0
13384,M,410,12,11,46,1
13385,F,195,6,1,6,0
13386,M,188,22,1,22,0
13387,F,174,10,2,14,0
13388,M,63,10,1,10,0
13389,M,112,16,2,18,0
13390,F,61,4,3,16,0
13391,F,33,30,2,34,0
13392,M,280,6,2,10,0
13393,F,158,12,2,18,0
13394,F,118,8,2,12,1
13395,F,134,22,2,28,0
13396,F,186,10,2,12,0
13397,F,119,10,2,16,0
13398,F,182,4,1,4,0
13399,M,311,4,2,8,0
13400,M,196,32,2,36,0
13401,F,42,18,2,26,0
13402,F,180,22,2,24,0
13403,F,65,6,1,6,0
13404,F,325,10,2,12,0
13405,F,247,6,9,34,0
13406,M,51,16,2,18,0
13407,F,180,4,2,6,0
13408,F,306,2,1,2,0
13409,F,289,36,6,66,0
13410,M,320,10,2,14,0
13411,F,102,6,2,10,0
13412,M,404,28,11,88,0
13413,F,58,16,2,20,0
13414,M,146,12,2,18,1
13415,M,304,6,12,38,1
13416,F,270,8,9,58,0
13417,F,158,10,1,10,0
13418,F,290,10,1,10,0
13419,M,323,8,4,20,0
13420,M,70,4,1,4,0
13421,F,271,14,1,14,0
13422,M,112,16,1,16,0
13423,F,123,34,1,34,0
13424,F,199,10,5,24,0
13425,M,31,4,1,4,0
13426,F,285,30,2,32,0
13427,M,275,10,1,10,0
13428,F,304,12,2,16,0
13429,F,94,10,6,30,0
13430,F,311,14,12,58,1
13431,M,219,12,7,42,0
13432,F,94,8,2,12,0
13433,F,371,12,6,36,0
13434,M,427,34,12,88,0
13435,F,291,6,10,32,1
13436,F,418,6,10,54,0
13437,M,136,14,1,14,0
13438,F,155,4,6,28,0
13439,F,106,2,1,2,0
13440,F,76,12,1,12,0
13441,M,79,12,2,20,0
13442,F,165,4,6,32,0
13443,F,181,12,4,28,0
13444,F,268,2,2,8,0
13445,F,23,14,1,14,0
13446,F,259,8,1,8,0
13447,F,51,10,2,12,0
13448,F,181,12,2,18,0
13449,F,238,10,1,10,0
13450,F,217,10,2,14,0
13451,F,307,16,2,18,0
13452,M,159,32,2,36,0
13453,F,193,20,1,20,0
13454,F,208,8,8,24,0
13455,M,226,14,2,20,0
13456,M,220,28,2,32,0
13457,F,255,6,11,68,1
13458,M,198,16,8,34,0
13459,M,216,2,2,4,1
13460,M,77,16,4,30,0
13461,F,69,12,2,14,0
13462,F,224,10,1,10,0
13463,F,150,2,2,10,0
13464,F,61,4,4,12,0
13465,F,143,4,2,12,0
13466,M,280,34,7,66,0
13467,F,265,16,2,24,0
13468,F,257,8,2,14,0
13469,F,359,34,6,68,0
13470,F,114,4,1,4,0
13471,F,329,12,2,14,0
13472,F,22,8,1,8,0
13473,M,268,8,1,8,0
13474,M,209,22,1,22,0
13475,F,22,14,1,14,0
13476,M,169,2,1,2,0
13477,M,273,16,2,20,0
13478,M,297,2,2,8,0
13479,F,274,10,8,26,0
13480,M,154,12,10,44,0
13481,F,328,2,2,8,0
13482,F,87,10,1,10,0
13483,F,77,8,1,8,0
13484,F,77,16,2,18,0
13485,M,368,12,12,54,0
13486,F,302,16,11,62,0
13487,M,35,14,2,16,0
13488,M,188,10,9,50,0
13489,F,53,26,2,32,0
13490,M,120,14,2,18,0
13491,M,175,8,11,40,0
13492,F,137,6,2,12,0
13493,F,198,26,2,30,0
13494,F,33,26,2,28,0
13495,F,242,12,2,16,0
13496,M,294,2,3,10,0
13497,F,390,16,11,46,0
13498,F,277,8,2,10,0
13499,M,337,16,9,42,0
13500,F,133,8,6,30,0
13501,M,312,30,2,34,0
13502,F,256,12,5,32,0
13503,F,207,32,1,32,0
13504,F,252,14,1,14,0
13505,F,71,6,2,12,0
13506,F,226,14,2,20,0
13507,F,121,10,2,18,0
13508,M,299,10,1,10,0
13509,F,248,10,2,12,0
13510,M,350,12,5,38,0
13511,F,249,16,7,48,0
13512,F,194,2,11,38,0
13513,F,287,12,5,30,0
13514,F,217,36,2,44,0
13515,M,94,4,1,4,0
13516,F,406,14,10,40,0
13517,F,379,24,10,60,0
13518,M,231,14,2,18,0
13519,F,202,12,3,18,0
13520,M,57,6,2,14,0
13521,M,119,34,7,66,0
13522,F,227,2,2,8,0
13523,M,159,10,2,14,0
13524,F,235,16,2,22,0
13525,F,289,10,2,14,0
13526,F,300,16,2,18,0
13527,M,188,10,2,16,0
13528,F,225,16,1,16,0
13529,M,244,32,1,32,0
13530,F,267,8,11,48,0
13531,F,364,14,8,52,0
13532,M,258,10,8,32,0
13533,F,253,6,12,38,0
13534,M,295,14,1,14,0
13535,F,174,14,3,24,0
13536,M,333,14,10,64,0
13537,M,218,12,1,12,0
13538,M,276,24,2,28,0
13539,F,159,22,1,22,0
13540,F,218,14,1,14,0
13541,F,404,2,9,42,0
13542,M,476,12,12,58,0
13543,F,174,12,5,30,0
13544,F,140,8,1,8,0
13545,F,152,18,7,44,0
13546,F,202,8,4,30,0
13547,F,174,4,2,6,0
13548,F,183,2,1,2,1
13549,F,243,12,1,12,0
13550,M,326,12,7,48,0
13551,F,266,14,8,36,0
13552,M,448,6,10,60,0
13553,F,296,8,1,8,0
13554,M,232,8,1,8,0
13555,F,247,32,2,40,0
13556,F,380,10,7,24,0
13557,F,120,12,2,18,0
13558,F,222,28,9,60,0
13559,F,305,2,1,2,0
13560,M,280,12,1,12,0
13561,F,135,10,4,26,0
13562,F,56,4,1,4,0
13563,F,152,12,2,14,0
13564,M,26,6,1,6,0
13565,F,310,12,2,18,0
13566,F,128,16,2,20,0
13567,F,298,12,4,24,0
13568,F,161,2,1,2,0
13569,F,266,10,4,32,0
13570,F,244,6,1,6,0
13571,F,123,12,7,28,0
13572,M,191,34,7,70,0
13573,M,122,16,1,16,0
13574,F,82,14,4,22,0
13575,F,157,2,3,10,0
13576,F,300,8,8,54,0
13577,M,176,14,1,14,0
13578,F,279,14,1,14,0
13579,F,300,14,1,14,0
13580,F,34,10,1,10,0
13581,F,108,14,2,16,0
13582,F,191,10,2,12,0
13583,M,103,18,2,24,0
13584,F,50,16,1,16,0
13585,F,267,4,8,50,0
13586,F,172,26,10,48,0
13587,F,264,14,1,14,0
13588,F,338,4,12,50,1
13589,F,127,10,2,18,0
13590,F,106,16,1,16,0
13591,F,324,4,6,20,0
13592,F,280,14,9,62,0
13593,F,114,2,2,6,0
13594,F,66,30,1,30,0
13595,F,181,32,6,48,0
13596,M,102,2,2,8,0
13597,M,262,14,1,14,0
13598,F,125,12,2,20,0
13599,M,248,8,2,14,0
13600,F,37,10,2,12,0
13601,F,200,14,11,50,0
13602,M,252,24,1,24,1
13603,F,310,4,10,38,0
13604,F,301,6,1,6,0
13605,M,424,6,11,58,0
13606,F,174,14,2,16,0
13607,F,151,16,2,24,0
13608,F,290,14,1,14,0
13609,F,243,4,1,4,0
13610,F,327,12,7,34,0
13611,F,205,14,12,56,0
13612,M,227,8,2,12,1
13613,F,72,12,2,20,0
13614,F,338,6,11,30,0
13615,M,175,8,10,38,0
13616,M,238,10,8,26,0
13617,F,261,8,2,10,0
13618,M,152,10,8,40,0
13619,F,251,12,8,44,0
13620,M,304,10,2,12,0
13621,F,111,8,2,14,0
13622,M,228,6,2,8,0
13623,M,263,12,1,12,0
13624,M,362,22,5,34,0
13625,F,288,16,5,32,0
13626,M,42,16,2,22,0
13627,F,129,22,2,30,0
13628,F,157,2,2,10,0
13629,F,114,12,4,30,1
13630,F,15,6,1,6,0
13631,F,356,12,12,80,0
13632,F,80,6,2,14,0
13633,M,256,16,8,60,0
13634,M,118,14,1,14,0
13635,F,57,18,1,18,0
13636,F,287,10,7,28,0
13637,F,371,10,10,52,0
13638,F,125,18,1,18,0
13639,F,216,16,2,24,0
13640,F,97,16,2,18,0
13641,F,277,18,2,24,0
13642,F,327,10,11,48,0
13643,F,198,24,2,30,0
13644,F,406,14,11,50,0
13645,F,107,10,2,16,0
13646,M,84,10,1,10,0
13647,F,40,14,2,22,0
13648,F,85,6,1,6,0
13649,M,232,12,2,20,0
13650,F,88,10,3,26,0
13651,F,229,18,1,18,0
13652,M,443,14,10,48,0
13653,F,217,20,2,28,0
13654,M,223,24,3,40,0
13655,F,406,6,12,48,0
13656,F,168,16,2,24,0
13657,F,85,34,2,40,0
13658,F,365,4,12,74,0
13659,F,316,10,6,42,0
13660,F,53,32,2,36,0
13661,F,96,36,2,42,0
13662,M,243,10,12,48,1
13663,M,313,6,1,6,0
13664,M,89,4,4,20,0
13665,F,152,4,2,10,0
13666,F,205,16,8,56,0
13667,F,163,22,10,62,0
13668,F,237,10,2,16,0
13669,F,47,2,3,10,1
13670,F,67,12,1,12,0
13671,M,292,12,4,28,0
13672,F,320,6,3,18,0
13673,F,100,14,1,14,0
13674,F,53,16,1,16,0
13675,M,203,12,9,58,0
13676,F,192,4,1,4,0
13677,F,58,2,2,4,0
13678,F,437,4,12,52,0
13679,M,228,28,8,62,0
13680,F,253,34,1,34,0
13681,M,354,26,7,42,0
13682,F,108,16,7,54,1
13683,F,149,16,2,18,0
13684,F,144,6,8,38,0
13685,F,241,30,1,30,0
13686,F,129,10,1,10,0
13687,F,188,4,1,4,0
13688,F,231,16,1,16,0
13689,F,268,10,1,10,0
13690,F,71,14,1,14,0
13691,F,365,12,11,58,0
13692,M,162,10,7,44,0
13693,F,40,10,2,16,0
13694,M,38,12,1,12,0
13695,F,65,16,1,16,0
13696,M,308,2,2,6,0
13697,F,65,14,4,32,0
13698,F,133,14,5,38,0
13699,M,312,14,1,14,0
13700,F,255,12,3,24,0
13701,F,307,16,2,24,0
13702,F,206,14,1,14,0
13703,F,299,2,1,2,0
13704,F,401,16,11,50,0
13705,F,215,8,1,8,0
13706,F,261,22,2,30,0
13707,M,228,8,2,12,0
13708,F,273,16,1,16,0
13709,F,230,34,6,52,0
13710,M,163,6,2,14,0
13711,F,28,4,1,4,0
13712,F,229,22,8,58,0
13713,F,135,12,4,34,0
13714,M,100,8,1,8,0
13715,M,114,24,2,28,0
13716,F,235,12,7,52,0
13717,M,198,30,1,30,0
13718,F,234,14,2,16,0
13719,F,101,10,1,10,0
13720,M,232,16,1,16,0
13721,M,271,14,1,14,0
13722,F,221,30,1,30,0
13723,M,43,26,1,26,0
13724,M,152,36,7,60,0
13725,F,98,4,2,6,0
13726,M,32,14,1,14,0
13727,F,37,10,1,10,0
13728,F,249,4,2,8,0
13729,F,233,12,7,28,0
13730,F,185,14,1,14,0
13731,F,148,28,3,40,0
13732,F,290,16,1,16,0
13733,F,245,10,2,12,0
13734,F,303,14,2,18,0
13735,F,316,10,7,46,0
13736,F,57,18,2,24,0
13737,F,273,16,10,70,0
13738,M,338,16,5,28,1
13739,F,43,2,2,4,1
13740,F,214,14,2,20,0
13741,F,36,12,1,12,0
13742,F,289,4,6,28,1
13743,F,87,2,1,2,0
13744,F,174,12,1,12,0
13745,F,81,6,2,10,0
13746,F,222,6,2,10,0
13747,F,94,8,3,26,0
13748,F,272,12,1,12,0
13749,M,318,10,12,38,0
13750,F,307,10,8,28,0
13751,F,273,2,1,2,0
13752,F,112,34,1,34,0
13753,F,135,22,2,24,0
13754,F,279,20,11,74,0
13755,F,226,12,1,12,0
13756,F,159,14,1,14,0
13757,M,285,8,1,8,1
13758,M,62,4,1,4,0
13759,M,226,14,2,22,0
13760,M,259,14,7,34,1
13761,F,190,10,11,48,0
13762,F,370,4,8,38,0
13763,F,175,22,9,54,0
13764,F,272,12,1,12,1
13765,F,268,12,2,18,0
13766,F,136,2,5,16,0
13767,M,203,12,1,12,1
13768,F,325,4,2,10,0
13769,F,316,36,2,40,0
13770,F,87,6,1,6,0
13771,F,217,6,1,6,0
13772,M,114,4,1,4,0
13773,F,266,24,7,44,0
13774,M,412,2,11,28,0
13775,F,121,4,1,4,0
13776,F,196,16,4,36,0
13777,F,323,4,10,32,0
13778,F,369,10,8,50,0
13779,F,193,12,1,12,0
13780,F,93,8,2,12,0
13781,F,99,10,1,10,0
13782,F,224,2,6,18,0
13783,F,274,8,1,8,1
13784,F,80,4,1,4,0
13785,F,83,18,2,24,0
13786,F,214,14,1,14,0
13787,M,21,12,1,12,0
13788,M,257,20,6,38,1
13789,F,218,30,5,48,0
13790,F,208,6,6,40,0
13791,F,153,8,2,16,0
13792,F,245,16,10,48,0
13793,M,284,18,7,44,0
13794,F,178,4,2,12,0
13795,F,328,16,2,20,0
13796,F,38,14,2,18,0
13797,M,305,8,2,16,0
13798,F,270,6,12,76,0
13799,F,430,14,10,38,0
13800,F,125,16,2,18,1
13801,M,287,2,1,2,0
13802,M,117,12,4,22,0
13803,F,178,16,1,16,0
13804,F,262,10,1,10,1
13805,F,227,10,10,44,0
13806,M,267,14,1,14,0
13807,M,152,18,1,18,0
13808,F,230,30,2,34,0
13809,F,169,4,9,32,0
13810,F,39,16,2,22,0
13811,F,311,32,12,60,0
13812,F,110,2,2,8,0
13813,F,70,18,3,28,0
13814,F,109,6,1,6,0
13815,M,134,20,1,20,0
13816,F,156,24,2,28,0
13817,F,377,6,12,34,1
13818,M,97,16,6,42,1
13819,F,294,16,3,22,0
13820,M,240,30,2,38,0
13821,F,366,4,7,24,0
13822,M,35,6,2,10,0
13823,F,242,16,12,80,0
13824,F,258,16,4,30,0
13825,F,28,12,1,12,0
13826,F,226,22,1,22,0
13827,M,159,2,2,10,0
13828,F,391,16,12,40,0
13829,M,215,8,1,8,0
13830,F,251,14,3,30,0
13831,F,100,8,1,8,0
13832,F,343,8,8,54,0
13833,F,331,6,7,34,0
13834,F,295,10,2,18,0
13835,F,228,14,2,18,0
13836,M,230,2,2,4,0
13837,F,218,10,3,24,0
13838,M,34,4,2,10,0
13839,F,286,32,2,38,0
13840,F,32,12,2,18,0
13841,F,80,14,1,14,1
13842,F,140,12,4,34,0
13843,M,243,12,9,52,1
13844,F,120,4,2,6,1
13845,F,150,30,1,30,0
13846,F,437,2,11,24,0
13847,F,401,2,8,36,0
13848,F,336,16,7,52,0
13849,F,255,12,2,18,0
13850,F,126,26,1,26,0
13851,M,138,10,1,10,0
13852,F,182,14,8,52,0
13853,F,102,28,1,28,0
13854,F,280,6,11,66,1
13855,F,213,28,3,34,0
13856,F,394,8,11,72,0
13857,M,90,2,2,8,0
13858,F,256,2,1,2,0
13859,F,91,10,4,20,0
13860,M,66,10,2,12,0
13861,M,94,4,1,4,0
13862,F,220,14,3,30,0
13863,M,29,16,1,16,0
13864,F,216,2,1,2,1
13865,M,316,26,2,32,0
13866,M,142,10,1,10,0
13867,F,215,6,7,28,0
13868,M,399,8,10,54,0
13869,F,191,4,2,10,0
13870,M,325,6,2,12,0
13871,F,257,16,2,24,0
13872,F,188,6,2,12,0
13873,F,132,28,2,30,0
13874,F,53,20,1,20,0
13875,F,48,32,1,32,0
13876,M,51,24,1,24,0
13877,M,159,16,2,18,0
13878,F,247,2,4,22,0
13879,F,216,10,1,10,1
13880,F,138,28,2,30,0
13881,F,300,10,5,20,0
13882,F,223,4,7,22,0
13883,F,91,10,2,18,0
13884,F,192,14,10,46,0
13885,M,142,14,2,18,0
13886,F,215,2,2,4,0
13887,F,419,10,11,70,0
13888,F,113,16,1,16,0
13889,F,189,4,1,4,0
13890,F,392,14,11,62,0
13891,F,312,6,2,8,0
13892,M,53,2,1,2,1
13893,M,352,16,7,56,1
13894,F,214,10,8,50,0
13895,M,384,10,6,32,0
13896,F,243,2,4,16,0
13897,F,127,12,4,32,0
13898,F,164,12,1,12,0
13899,M,58,16,1,16,0
13900,F,99,16,1,16,0
13901,F,306,12,2,16,0
13902,M,282,2,11,50,0
13903,F,20,20,1,20,0
13904,F,225,14,5,38,0
13905,F,423,8,11,34,0
13906,F,70,34,2,38,0
13907,F,214,30,2,34,0
13908,M,285,12,1,12,0
13909,M,249,14,1,14,0
13910,F,250,24,2,28,0
13911,M,101,12,3,26,0
13912,M,297,30,7,62,0
13913,F,176,20,1,20,0
13914,F,78,16,1,16,0
13915,M,83,18,1,18,0
13916,M,262,10,6,32,0
13917,F,328,4,6,38,1
13918,M,39,26,1,26,1
13919,M,139,12,2,20,1
13920,F,221,2,1,2,0
13921,F,154,14,8,32,1
13922,M,256,4,2,8,1
13923,M,349,12,6,40,0
13924,F,67,34,2,38,0
13925,M,271,16,3,26,0
13926,F,60,6,1,6,0
13927,F,366,10,12,70,0
13928,F,248,14,1,14,1
13929,F,211,12,1,12,0
13930,F,307,8,2,10,0
13931,F,102,14,1,14,0
13932,F,146,16,2,22,0
13933,F,168,4,3,16,0
13934,F,258,6,3,20,0
13935,F,310,12,2,14,0
13936,F,300,14,1,14,0
13937,M,262,10,12,34,0
13938,F,310,10,9,38,1
13939,F,287,8,2,14,0
13940,F,150,4,9,22,0
13941,F,163,16,10,40,0
13942,M,183,10,2,16,0
13943,F,198,8,2,12,0
13944,F,190,16,2,20,0
13945,F,90,16,1,16,0
13946,M,51,12,2,16,0
13947,F,195,16,6,52,0
13948,F,203,14,2,20,0
13949,F,298,26,2,32,0
13950,F,143,24,4,40,0
13951,F,20,26,1,26,0
13952,M,172,8,2,14,1
13953,F,40,10,2,18,0
13954,F,284,14,2,22,0
13955,F,75,10,1,10,0
13956,M,89,4,2,8,0
13957,M,35,14,1,14,0
13958,F,296,16,4,28,0
13959,F,180,16,2,24,0
13960,F,305,14,2,18,0
13961,F,182,14,1,14,0
13962,F,254,10,2,12,1
13963,M,120,10,5,22,0
13964,F,32,16,1,16,0
13965,F,104,8,2,12,0
13966,F,122,4,1,4,0
13967,M,385,12,9,46,0
13968,F,109,32,2,38,0
13969,F,216,16,8,50,0
13970,F,241,16,1,16,0
13971,M,219,28,12,88,0
13972,F,314,12,2,14,0
13973,M,314,10,1,10,0
13974,F,283,14,9,58,0
13975,F,198,16,5,34,0
13976,F,252,8,2,12,0
13977,F,137,12,1,12,0
13978,F,142,16,6,46,0
13979,F,220,24,1,24,0
13980,M,94,14,3,22,0
13981,F,289,4,2,12,0
13982,F,54,10,1,10,0
13983,M,224,6,2,10,0
13984,F,356,12,4,26,0
13985,M,321,36,7,74,0
13986,F,278,20,1,20,0
13987,M,175,4,1,4,0
13988,F,47,12,2,18,0
13989,F,203,16,2,24,0
13990,M,66,2,2,4,0
13991,M,205,2,2,8,0
13992,F,122,16,6,40,0
13993,F,191,24,12,64,0
13994,F,224,6,3,16,0
13995,F,214,32,5,48,0
13996,F,274,8,2,10,0
13997,M,214,10,2,12,0
13998,F,33,12,2,14,0
13999,F,259,10,1,10,0
14000,M,245,2,1,2,0
14001,F,311,26,1,26,0